customer_id,age,income,past_purchases,website_visits,customer_segment,previous_discount,discount,purchase,revenue
1,22,39786,4,3,regular,0,5,0,0.0
2,58,23387,7,5,new,20,5,0,0.0
3,52,82731,5,6,regular,5,10,0,0.0
4,40,88301,9,2,regular,20,5,0,0.0
5,40,97261,1,2,loyal,0,0,0,0.0
6,62,115049,4,5,regular,20,5,0,0.0
7,22,69736,5,3,loyal,5,20,0,0.0
8,54,102915,5,4,regular,0,20,0,0.0
9,28,91629,5,4,new,10,5,0,0.0
10,22,47719,5,6,regular,10,5,0,0.0
11,45,104512,3,1,new,0,5,1,190.3
12,68,25332,6,4,loyal,20,5,0,0.0
13,56,79889,6,5,regular,20,5,0,0.0
14,57,114035,5,5,regular,5,10,1,284.82
15,55,85896,8,4,regular,20,10,1,370.13
16,58,113706,9,4,regular,0,5,0,0.0
17,44,25615,5,4,regular,20,10,1,174.1
18,24,73241,6,3,new,5,20,0,0.0
19,61,98061,5,4,regular,20,10,0,0.0
20,41,84231,3,4,loyal,20,0,1,447.75
21,44,108053,5,3,regular,20,5,0,0.0
22,37,66260,4,7,new,0,0,1,132.33
23,27,88260,3,1,regular,5,5,0,0.0
24,66,61976,8,2,regular,0,10,0,0.0
25,58,107211,3,3,regular,0,20,0,0.0
26,51,31944,1,1,regular,10,10,1,85.41
27,38,45411,6,3,regular,10,0,1,340.87
28,60,29675,5,4,regular,0,5,0,0.0
29,46,90210,4,5,regular,0,10,0,0.0
30,41,43273,2,2,regular,5,0,0,0.0
31,41,51713,0,1,loyal,10,0,0,0.0
32,29,103664,4,7,loyal,5,0,0,0.0
33,22,56018,3,2,new,20,20,1,482.51
34,46,34583,9,3,new,10,0,0,0.0
35,64,22097,4,3,regular,10,5,0,0.0
36,21,42669,3,4,regular,0,5,0,0.0
37,62,111468,2,4,new,20,10,1,255.28
38,61,74861,5,4,loyal,10,10,0,0.0
39,32,119483,2,2,new,20,5,0,0.0
40,50,41513,2,2,regular,5,10,0,0.0
41,26,55147,2,2,loyal,10,20,1,436.81
42,57,36320,3,3,new,10,10,1,433.21
43,54,59837,5,3,loyal,20,5,0,0.0
44,36,76331,4,6,loyal,10,0,0,0.0
45,21,100812,4,6,new,5,10,0,0.0
46,68,56809,4,3,new,10,10,0,0.0
47,41,97153,3,3,loyal,0,0,0,0.0
48,64,82615,8,4,loyal,10,0,0,0.0
49,53,49181,3,5,regular,5,0,0,0.0
50,58,111220,12,5,new,5,10,1,444.11
51,57,63424,6,3,new,20,5,0,0.0
52,28,35099,8,2,regular,20,5,1,300.18
53,36,116269,4,5,regular,0,20,1,240.23
54,42,111343,4,2,regular,10,10,1,450.27
55,43,24954,5,6,regular,0,0,1,370.57
56,20,110248,5,5,loyal,5,5,0,0.0
57,46,114737,4,3,new,20,5,1,235.41
58,26,102908,2,4,regular,10,20,0,0.0
59,56,45499,7,2,new,0,10,0,0.0
60,53,83128,6,6,regular,0,0,1,447.24
61,65,73824,4,3,regular,0,5,0,0.0
62,56,82014,4,1,loyal,20,10,0,0.0
63,37,81644,11,6,regular,20,5,1,324.08
64,68,83921,8,3,loyal,5,5,1,257.19
65,39,71400,5,4,regular,5,20,0,0.0
66,34,89049,6,3,new,10,0,0,0.0
67,65,72660,3,5,loyal,20,5,1,498.12
68,37,21648,8,5,new,20,10,1,234.32
69,21,23528,3,2,regular,20,20,0,0.0
70,42,115809,3,1,regular,10,20,0,0.0
71,59,110925,5,6,regular,10,0,1,137.07
72,27,78560,5,4,regular,0,10,1,345.53
73,42,37458,6,4,loyal,0,10,0,0.0
74,24,98146,11,3,regular,20,0,1,385.6
75,53,34329,4,7,new,0,10,1,99.45
76,42,57728,9,6,loyal,10,10,0,0.0
77,35,52985,5,5,new,5,0,0,0.0
78,29,21239,3,3,regular,0,10,1,275.48
79,47,100701,3,4,loyal,20,5,0,0.0
80,52,70973,4,2,new,5,0,0,0.0
81,66,51625,4,2,new,0,5,0,0.0
82,40,70719,5,2,loyal,5,5,0,0.0
83,26,20000,0,5,new,5,10,1,304.65
84,61,63698,6,5,regular,5,5,0,0.0
85,50,71958,6,5,new,20,20,0,0.0
86,54,53971,3,4,regular,5,10,0,0.0
87,23,103038,3,5,regular,10,10,1,70.91
88,34,44982,6,5,loyal,20,5,0,0.0
89,57,33782,5,4,regular,20,0,0,0.0
90,61,72754,4,2,regular,0,0,0,0.0
91,40,108727,5,3,new,10,5,0,0.0
92,59,57527,9,3,regular,10,10,0,0.0
93,61,24662,1,7,loyal,10,20,1,489.4
94,38,116993,9,8,regular,10,20,0,0.0
95,64,64429,2,5,regular,0,20,1,497.66
96,32,37292,6,9,new,20,5,0,0.0
97,30,81561,3,3,regular,10,0,0,0.0
98,53,51966,4,8,loyal,5,20,1,385.28
99,51,113779,2,2,regular,5,20,0,0.0
100,25,49396,8,3,regular,0,10,0,0.0
101,61,75013,7,5,regular,10,5,0,0.0
102,28,74330,4,6,new,20,0,1,223.08
103,59,44244,7,1,regular,5,20,1,248.54
104,18,69928,6,7,new,20,20,1,130.27
105,59,30907,4,4,new,10,5,1,273.24
106,58,84374,5,6,new,20,10,0,0.0
107,58,95831,4,2,regular,0,0,0,0.0
108,52,115000,4,5,loyal,5,0,0,0.0
109,42,52578,3,7,new,5,10,0,0.0
110,54,48522,4,5,regular,20,5,0,0.0
111,32,74880,7,0,loyal,20,0,0,0.0
112,58,89277,2,7,loyal,10,5,0,0.0
113,46,119246,5,4,regular,20,10,0,0.0
114,41,22504,5,4,regular,0,0,0,0.0
115,44,43830,4,7,new,0,5,0,0.0
116,47,46238,9,3,regular,20,20,0,0.0
117,19,45538,6,3,regular,20,0,1,295.44
118,25,66371,1,6,regular,5,0,0,0.0
119,30,107291,4,2,new,5,20,0,0.0
120,23,23099,5,4,new,0,0,0,0.0
121,40,101584,4,6,new,0,10,1,300.88
122,52,81766,6,3,new,20,10,1,216.82
123,52,81519,6,3,loyal,10,10,0,0.0
124,42,87831,4,3,new,20,20,0,0.0
125,62,31540,1,1,new,0,10,0,0.0
126,47,94673,9,2,regular,20,20,0,0.0
127,22,44813,10,2,regular,10,10,0,0.0
128,57,71657,6,4,regular,0,0,1,159.24
129,47,87687,5,4,new,20,10,1,187.63
130,51,80394,2,4,loyal,5,0,0,0.0
131,47,52312,6,4,loyal,5,5,0,0.0
132,46,59606,7,3,regular,20,10,0,0.0
133,22,67651,4,4,new,5,20,0,0.0
134,47,24125,12,6,regular,20,5,1,125.48
135,59,92604,7,8,regular,10,0,0,0.0
136,33,29995,7,3,new,20,0,0,0.0
137,49,65858,6,2,regular,5,5,0,0.0
138,19,85499,4,3,new,10,0,1,127.06
139,36,28039,4,2,new,0,5,0,0.0
140,40,119555,6,8,regular,5,20,0,0.0
141,69,57722,6,8,regular,20,5,0,0.0
142,29,21580,7,5,regular,5,10,0,0.0
143,32,85863,4,4,regular,10,0,0,0.0
144,39,75758,3,2,new,5,5,0,0.0
145,69,84033,4,2,new,0,5,0,0.0
146,62,95100,7,5,new,10,10,1,408.55
147,19,67563,3,7,regular,0,10,0,0.0
148,30,102677,4,5,new,5,20,0,0.0
149,60,57014,6,7,regular,20,20,1,487.7
150,21,74520,3,1,regular,10,20,0,0.0
151,62,35851,5,4,loyal,0,20,0,0.0
152,32,81991,3,3,loyal,10,10,0,0.0
153,65,46159,2,7,regular,5,10,0,0.0
154,33,89672,6,3,loyal,0,20,0,0.0
155,40,100105,4,4,loyal,10,10,1,118.05
156,52,105896,6,6,regular,20,20,0,0.0
157,24,112908,7,3,regular,0,10,1,459.74
158,46,32228,4,5,new,0,10,0,0.0
159,44,33799,7,4,loyal,20,5,0,0.0
160,58,112618,3,5,regular,0,5,0,0.0
161,69,58082,6,2,new,5,5,0,0.0
162,52,22601,5,5,loyal,0,20,1,387.78
163,39,48698,1,9,loyal,0,0,0,0.0
164,39,103619,5,2,regular,5,0,1,464.38
165,39,55498,4,2,regular,10,5,0,0.0
166,60,27674,6,5,new,20,10,0,0.0
167,34,92210,6,1,regular,5,0,1,498.94
168,26,39462,7,6,regular,20,0,0,0.0
169,35,55280,7,6,regular,20,5,0,0.0
170,19,20389,2,5,regular,5,0,0,0.0
171,23,80199,6,3,new,10,20,0,0.0
172,22,64525,2,8,regular,5,0,0,0.0
173,58,106704,10,1,regular,20,20,0,0.0
174,55,53435,4,0,loyal,0,5,0,0.0
175,54,40460,1,1,regular,20,10,0,0.0
176,42,36599,7,7,new,5,20,1,489.9
177,55,40015,5,2,new,0,5,1,391.61
178,26,65109,5,5,loyal,5,0,0,0.0
179,64,28716,1,5,loyal,10,20,1,312.66
180,44,60237,6,2,regular,0,20,1,53.68
181,66,105468,5,3,regular,20,10,0,0.0
182,25,96766,2,2,regular,20,20,0,0.0
183,43,83725,1,5,regular,10,10,0,0.0
184,54,109313,4,7,new,10,10,0,0.0
185,43,98021,2,4,new,0,20,0,0.0
186,41,85256,2,5,regular,20,20,0,0.0
187,26,106306,5,2,regular,5,10,0,0.0
188,37,32441,5,4,regular,5,10,0,0.0
189,30,101825,4,3,regular,5,20,0,0.0
190,33,49539,8,5,regular,5,5,0,0.0
191,53,93306,6,6,regular,0,10,1,369.83
192,50,111331,1,2,loyal,10,5,0,0.0
193,49,69602,3,4,regular,5,5,1,283.43
194,36,28873,2,3,new,20,10,0,0.0
195,67,57022,0,6,new,0,20,0,0.0
196,22,60685,5,2,regular,0,0,1,202.07
197,35,113673,4,7,new,10,20,1,450.24
198,24,114250,3,3,loyal,0,5,0,0.0
199,35,76846,10,4,regular,10,10,1,237.54
200,68,115066,3,3,regular,10,0,0,0.0
201,37,63629,0,0,regular,10,20,1,468.72
202,65,61120,9,4,new,10,10,0,0.0
203,43,103650,8,6,regular,20,10,1,311.43
204,54,86739,2,3,regular,10,0,0,0.0
205,41,72237,7,8,regular,20,10,0,0.0
206,31,65674,4,0,regular,20,20,0,0.0
207,57,90560,3,7,regular,5,5,0,0.0
208,68,95346,6,1,regular,20,5,1,180.13
209,31,69058,3,6,regular,10,10,0,0.0
210,58,23158,4,4,loyal,5,10,1,136.73
211,31,30183,4,5,regular,20,10,1,332.41
212,55,34415,4,4,new,10,5,0,0.0
213,59,66208,4,4,regular,10,5,0,0.0
214,41,81419,6,3,regular,5,20,1,276.39
215,56,100376,6,8,new,0,0,0,0.0
216,32,43255,5,1,regular,10,20,1,52.11
217,22,98659,7,5,regular,20,5,1,353.07
218,23,86605,4,2,regular,20,5,0,0.0
219,41,25165,4,3,new,0,0,0,0.0
220,64,55122,2,7,new,5,5,0,0.0
221,24,50266,3,3,regular,10,5,0,0.0
222,41,108664,2,6,new,0,10,0,0.0
223,54,112119,4,3,loyal,20,20,0,0.0
224,28,101925,6,3,regular,10,20,1,159.18
225,55,72800,11,4,new,20,20,1,82.71
226,33,69283,4,5,regular,5,0,0,0.0
227,60,51148,7,4,loyal,10,5,0,0.0
228,48,97289,7,7,regular,5,10,0,0.0
229,46,28628,5,3,regular,0,10,0,0.0
230,27,47113,7,3,regular,0,0,0,0.0
231,42,33520,7,8,regular,0,20,0,0.0
232,62,69425,10,1,regular,20,20,0,0.0
233,19,49975,7,4,new,0,20,0,0.0
234,57,39748,4,4,regular,20,20,1,195.57
235,43,57641,6,3,new,10,10,0,0.0
236,55,106088,5,6,regular,10,20,0,0.0
237,52,75800,6,5,loyal,10,0,0,0.0
238,40,102306,4,2,regular,10,0,0,0.0
239,34,111390,5,6,regular,20,10,0,0.0
240,50,110214,3,5,regular,0,0,0,0.0
241,25,55100,6,3,new,10,5,0,0.0
242,48,107747,2,4,regular,20,5,0,0.0
243,22,110937,5,7,regular,10,20,0,0.0
244,51,115959,5,4,new,0,0,1,340.33
245,50,55100,1,3,regular,0,20,0,0.0
246,22,42833,4,3,regular,10,0,1,360.33
247,57,78427,5,0,loyal,10,20,0,0.0
248,39,113182,7,5,regular,10,0,0,0.0
249,58,110062,7,4,regular,0,20,0,0.0
250,20,77121,9,6,loyal,5,0,0,0.0
251,27,34923,10,1,new,5,20,1,118.11
252,43,62249,3,6,regular,5,0,0,0.0
253,27,91412,9,4,regular,10,5,0,0.0
254,35,76037,6,11,new,10,5,0,0.0
255,52,54547,8,6,loyal,5,5,0,0.0
256,25,54260,2,2,regular,10,10,0,0.0
257,53,25974,5,7,regular,10,20,1,72.43
258,23,48855,5,4,regular,10,0,0,0.0
259,27,86937,3,2,regular,5,0,1,98.3
260,48,44131,3,3,new,0,10,1,273.78
261,59,119339,5,2,loyal,20,0,0,0.0
262,26,28242,3,0,regular,20,10,1,229.6
263,33,78877,8,4,regular,5,0,1,52.33
264,66,69656,6,5,loyal,10,5,0,0.0
265,69,103330,4,5,regular,5,10,1,120.01
266,48,108776,3,4,new,20,5,0,0.0
267,41,74347,10,5,new,0,10,0,0.0
268,36,83015,9,2,loyal,5,20,0,0.0
269,49,89895,2,2,regular,10,5,0,0.0
270,48,72097,9,5,regular,10,5,0,0.0
271,33,38488,3,4,regular,5,0,1,310.92
272,19,62859,2,5,regular,10,20,1,68.4
273,25,44155,4,4,regular,5,20,0,0.0
274,67,66440,2,2,loyal,5,0,0,0.0
275,39,81515,4,3,regular,20,0,1,436.14
276,43,40927,5,3,new,0,0,0,0.0
277,42,44942,1,4,loyal,10,10,1,76.31
278,58,102293,6,1,new,10,20,0,0.0
279,21,57773,7,3,loyal,10,0,1,264.33
280,22,39838,2,7,loyal,20,10,0,0.0
281,32,91317,3,3,regular,20,10,1,327.08
282,43,91662,3,6,new,5,20,1,407.04
283,52,102615,9,3,new,5,10,1,299.98
284,43,95998,7,4,new,20,10,0,0.0
285,40,119196,6,6,regular,10,5,0,0.0
286,66,77486,3,8,regular,20,20,1,159.1
287,26,48682,9,1,regular,20,5,0,0.0
288,47,106292,5,5,new,20,0,1,195.58
289,46,46481,4,4,new,20,20,0,0.0
290,42,49105,5,6,regular,0,0,0,0.0
291,59,102849,4,4,new,10,20,0,0.0
292,31,108161,9,3,regular,10,0,0,0.0
293,67,53934,4,4,new,10,20,1,426.4
294,35,92941,7,2,regular,20,10,0,0.0
295,46,112239,4,6,regular,5,20,1,425.23
296,45,99874,3,3,regular,5,5,1,241.48
297,62,20499,2,2,loyal,0,5,0,0.0
298,40,86457,3,3,loyal,0,20,0,0.0
299,32,36989,5,3,new,0,20,0,0.0
300,19,104634,3,4,new,10,0,0,0.0
301,36,26704,9,6,loyal,5,5,0,0.0
302,60,119309,7,4,regular,5,0,0,0.0
303,18,37732,4,2,loyal,20,5,0,0.0
304,64,62016,8,5,new,10,0,0,0.0
305,46,43408,6,9,loyal,0,10,1,55.71
306,25,101391,9,3,loyal,20,20,1,386.28
307,33,59349,3,7,new,10,20,0,0.0
308,46,94457,4,3,new,5,10,0,0.0
309,34,26721,5,7,regular,5,0,0,0.0
310,23,65287,3,6,regular,20,0,0,0.0
311,52,111105,6,5,new,5,10,1,65.81
312,52,112694,7,0,new,10,10,0,0.0
313,24,40869,3,5,loyal,5,0,0,0.0
314,32,59442,6,7,new,10,5,0,0.0
315,30,60911,3,4,loyal,20,20,1,464.66
316,52,76546,3,7,new,0,20,0,0.0
317,55,73733,4,4,loyal,0,10,0,0.0
318,55,30594,6,8,new,10,0,0,0.0
319,66,96266,2,4,new,5,0,0,0.0
320,57,42577,2,3,loyal,20,0,0,0.0
321,34,51494,9,4,new,5,0,0,0.0
322,23,104069,2,4,regular,0,0,0,0.0
323,49,88965,3,7,regular,5,20,0,0.0
324,65,59655,9,4,regular,20,20,1,428.82
325,68,111247,10,3,regular,20,20,0,0.0
326,29,59408,6,3,new,5,20,0,0.0
327,30,76549,7,4,loyal,10,10,0,0.0
328,19,44598,5,2,new,20,0,0,0.0
329,25,38319,10,5,loyal,5,20,0,0.0
330,46,69161,6,1,regular,10,10,0,0.0
331,46,76301,5,3,new,20,0,0,0.0
332,37,100581,3,4,regular,20,10,1,214.81
333,34,59090,7,6,regular,10,5,1,223.01
334,61,109516,8,1,regular,0,0,1,276.83
335,41,80738,3,6,regular,10,0,0,0.0
336,60,27011,2,7,regular,10,0,0,0.0
337,68,93910,13,10,regular,5,5,0,0.0
338,34,77482,2,4,new,5,0,0,0.0
339,28,58935,3,6,regular,5,10,0,0.0
340,67,66727,4,5,regular,5,10,1,476.53
341,51,50179,4,4,loyal,0,10,0,0.0
342,33,81428,4,6,loyal,0,20,0,0.0
343,50,76695,2,4,new,5,20,0,0.0
344,44,64727,2,2,regular,10,0,0,0.0
345,65,48519,5,2,regular,0,5,0,0.0
346,31,59864,3,2,regular,10,0,0,0.0
347,69,69783,7,1,new,0,5,0,0.0
348,66,67188,4,6,regular,0,5,0,0.0
349,27,50929,3,3,new,20,20,0,0.0
350,26,78199,1,4,loyal,0,5,0,0.0
351,45,42654,5,3,regular,0,0,0,0.0
352,20,70098,6,3,new,20,0,0,0.0
353,33,32154,7,5,regular,0,20,0,0.0
354,40,67214,5,2,regular,0,0,0,0.0
355,68,98398,7,2,new,10,10,1,195.23
356,69,101783,1,7,regular,5,0,0,0.0
357,25,89469,3,4,regular,10,20,0,0.0
358,64,94564,3,6,new,20,5,0,0.0
359,22,26594,8,2,regular,5,20,0,0.0
360,56,54137,4,2,regular,5,20,0,0.0
361,61,85425,8,6,new,5,10,0,0.0
362,64,100057,5,3,new,5,5,0,0.0
363,29,78284,5,5,regular,10,5,0,0.0
364,64,105365,6,9,regular,0,20,0,0.0
365,24,47306,9,4,regular,0,20,1,378.36
366,44,35349,7,3,loyal,20,20,0,0.0
367,42,28638,2,2,regular,5,20,1,360.81
368,34,78268,4,4,loyal,10,10,0,0.0
369,19,86518,5,4,regular,20,10,0,0.0
370,58,48531,3,6,regular,5,20,0,0.0
371,35,98365,4,6,regular,5,10,0,0.0
372,52,93917,6,4,new,10,0,1,445.88
373,39,56013,4,2,regular,10,0,0,0.0
374,37,43878,4,2,regular,0,10,0,0.0
375,64,94231,7,8,new,10,20,1,441.37
376,22,87140,4,4,regular,0,20,0,0.0
377,56,37078,4,1,regular,5,5,0,0.0
378,56,45512,2,4,regular,20,10,0,0.0
379,37,68596,4,5,regular,0,10,1,147.0
380,31,71114,8,5,regular,20,5,0,0.0
381,18,36595,10,3,loyal,5,10,0,0.0
382,66,114864,5,2,regular,20,10,1,362.71
383,67,58864,4,6,regular,0,0,0,0.0
384,30,58130,4,4,new,10,0,0,0.0
385,19,26053,3,4,new,20,0,0,0.0
386,24,107573,7,3,regular,10,5,0,0.0
387,21,43514,5,3,regular,20,10,1,385.62
388,61,118694,5,0,new,0,5,0,0.0
389,64,69601,7,5,regular,20,10,1,116.03
390,25,107485,5,0,new,10,0,1,93.85
391,56,37912,3,12,regular,0,10,1,407.71
392,27,36586,6,7,regular,10,10,1,366.25
393,37,100111,2,1,regular,5,20,0,0.0
394,49,101965,7,7,loyal,20,10,0,0.0
395,55,74309,7,2,regular,10,20,1,398.03
396,63,23214,5,2,regular,10,20,1,211.62
397,20,114372,5,1,new,20,10,0,0.0
398,28,59330,1,6,new,5,10,0,0.0
399,32,113598,6,4,loyal,0,0,0,0.0
400,34,107073,6,3,loyal,10,20,0,0.0
401,69,105148,9,4,loyal,0,0,0,0.0
402,58,88875,4,5,loyal,20,0,0,0.0
403,34,87325,3,6,new,20,0,0,0.0
404,68,73274,3,4,regular,5,0,0,0.0
405,43,22477,2,3,new,20,20,0,0.0
406,44,58786,8,1,regular,5,5,0,0.0
407,40,93054,4,0,regular,20,0,0,0.0
408,25,101229,6,9,regular,0,0,0,0.0
409,66,75956,6,6,new,20,10,0,0.0
410,18,90955,2,5,loyal,10,20,0,0.0
411,27,22174,5,4,regular,20,0,0,0.0
412,29,66840,5,6,loyal,10,5,0,0.0
413,32,70772,3,3,regular,10,5,1,357.27
414,24,109248,5,3,regular,5,20,0,0.0
415,18,51105,6,7,loyal,10,0,0,0.0
416,53,42994,7,3,loyal,20,0,0,0.0
417,68,55237,5,6,new,10,0,0,0.0
418,24,37039,4,3,regular,20,20,0,0.0
419,33,75842,6,6,new,0,0,1,96.38
420,44,84280,8,4,loyal,0,10,0,0.0
421,66,100111,1,5,regular,5,5,0,0.0
422,54,117199,4,6,new,10,20,0,0.0
423,57,27360,5,4,new,10,0,0,0.0
424,48,44725,8,3,new,5,5,0,0.0
425,39,50071,5,4,regular,0,5,0,0.0
426,28,44967,4,0,loyal,0,5,0,0.0
427,62,102728,3,2,loyal,20,5,0,0.0
428,59,33949,5,2,regular,10,10,0,0.0
429,19,22973,2,5,loyal,0,0,0,0.0
430,55,106056,4,2,regular,5,20,1,64.22
431,22,116151,6,3,regular,5,20,1,218.45
432,56,42639,3,3,new,10,0,0,0.0
433,60,53285,1,1,regular,20,20,0,0.0
434,24,70317,6,4,loyal,10,10,1,455.84
435,40,72594,6,8,loyal,20,20,0,0.0
436,24,119087,7,12,regular,5,0,1,412.75
437,47,60415,1,5,new,20,20,1,391.43
438,66,21214,3,8,regular,0,5,0,0.0
439,22,62275,5,6,regular,5,5,1,281.07
440,38,75648,5,4,new,20,10,1,380.75
441,68,71688,12,5,regular,0,20,1,291.12
442,33,71228,8,1,regular,20,0,0,0.0
443,24,112261,7,2,loyal,10,0,0,0.0
444,43,100744,3,7,regular,5,0,0,0.0
445,44,45170,3,4,regular,0,20,0,0.0
446,52,55528,6,7,new,20,0,0,0.0
447,34,86758,4,4,regular,0,0,0,0.0
448,67,61034,5,6,loyal,20,0,0,0.0
449,45,62840,6,5,regular,20,5,0,0.0
450,32,36793,6,5,loyal,0,0,0,0.0
451,67,45436,8,5,regular,10,5,0,0.0
452,66,94081,6,6,regular,5,0,0,0.0
453,43,104293,7,3,loyal,10,5,0,0.0
454,19,98470,5,2,loyal,0,5,0,0.0
455,49,50783,4,3,regular,5,5,0,0.0
456,46,33666,4,4,regular,5,5,1,136.26
457,25,35969,6,9,loyal,10,0,0,0.0
458,50,59345,6,3,regular,5,0,1,238.33
459,61,71775,5,5,new,5,20,1,341.26
460,23,109290,4,2,regular,0,0,0,0.0
461,55,109882,3,2,regular,5,5,1,418.02
462,25,20270,6,4,regular,10,5,0,0.0
463,56,90756,4,0,new,10,0,0,0.0
464,39,49875,9,8,regular,0,0,1,211.52
465,18,39780,5,5,regular,10,0,0,0.0
466,68,75504,5,2,regular,5,0,1,89.88
467,26,23391,1,3,new,0,20,1,122.93
468,48,53409,5,2,regular,20,0,0,0.0
469,27,75222,4,3,regular,20,20,0,0.0
470,66,47204,6,5,new,10,0,0,0.0
471,56,79339,8,3,regular,5,0,0,0.0
472,59,66003,6,7,regular,20,10,0,0.0
473,40,99940,4,3,regular,5,20,1,330.42
474,42,38152,4,3,regular,0,0,0,0.0
475,50,25710,5,5,new,5,10,1,467.76
476,58,72962,7,4,regular,10,5,1,179.14
477,62,45689,5,3,loyal,10,20,1,483.62
478,18,90669,6,5,new,5,20,1,240.59
479,52,29328,5,4,loyal,10,10,0,0.0
480,23,77529,4,2,regular,5,0,0,0.0
481,32,118983,6,3,new,0,5,0,0.0
482,61,29310,6,0,new,10,5,0,0.0
483,31,50181,4,5,new,5,10,1,153.18
484,59,104440,3,5,regular,5,10,0,0.0
485,42,73356,2,6,new,20,10,0,0.0
486,30,37497,7,6,regular,10,0,0,0.0
487,35,41312,3,1,loyal,10,0,0,0.0
488,45,96481,6,7,loyal,10,10,0,0.0
489,57,106089,4,2,loyal,0,20,0,0.0
490,49,56056,8,6,regular,0,10,0,0.0
491,66,67383,8,1,new,5,0,0,0.0
492,63,98276,5,3,regular,0,20,0,0.0
493,57,37692,5,4,regular,5,5,0,0.0
494,49,40627,0,4,loyal,0,20,0,0.0
495,33,97443,4,6,loyal,10,20,1,59.89
496,39,38666,4,1,regular,20,0,0,0.0
497,24,97081,6,1,regular,0,0,0,0.0
498,37,69702,7,3,new,20,20,0,0.0
499,66,119003,4,1,regular,5,0,0,0.0
500,40,23293,5,2,new,0,0,0,0.0
501,23,114595,4,4,loyal,5,5,0,0.0
502,51,42529,3,4,regular,5,5,0,0.0
503,68,23508,14,6,regular,5,5,0,0.0
504,63,92401,5,5,new,5,5,1,325.85
505,32,73252,3,5,regular,20,0,0,0.0
506,41,103738,4,7,regular,10,0,0,0.0
507,45,30835,10,2,new,0,5,1,432.81
508,30,28078,5,2,new,5,5,1,318.67
509,31,76724,5,2,regular,5,5,0,0.0
510,30,108207,7,4,regular,20,20,0,0.0
511,69,60576,5,3,regular,20,0,0,0.0
512,56,99751,9,0,loyal,0,0,0,0.0
513,61,110620,10,6,loyal,10,20,0,0.0
514,60,106968,5,1,loyal,5,10,0,0.0
515,67,70866,4,5,new,0,10,0,0.0
516,23,89842,3,4,regular,0,20,1,128.45
517,63,72566,5,7,regular,10,5,0,0.0
518,21,87415,5,0,loyal,5,0,0,0.0
519,42,76708,2,5,loyal,0,20,0,0.0
520,48,72509,4,5,regular,0,0,1,488.55
521,36,63680,5,2,loyal,0,20,0,0.0
522,25,85278,3,3,new,0,5,0,0.0
523,27,95109,7,4,regular,0,20,1,425.87
524,60,111910,8,5,new,20,0,0,0.0
525,34,81322,10,10,new,5,5,1,235.82
526,34,30052,4,5,regular,10,0,0,0.0
527,66,78747,4,8,new,20,10,0,0.0
528,25,51576,4,3,regular,10,5,1,192.25
529,65,22681,8,1,regular,20,0,0,0.0
530,65,27245,4,4,loyal,5,10,0,0.0
531,49,79130,8,2,loyal,0,0,0,0.0
532,26,114480,6,5,regular,0,10,1,111.01
533,26,70557,3,4,regular,20,0,0,0.0
534,32,64526,8,2,regular,20,0,0,0.0
535,48,28866,6,5,new,10,5,1,293.68
536,25,87534,2,2,regular,5,10,0,0.0
537,41,25547,5,8,loyal,0,20,1,149.36
538,24,104112,6,4,regular,10,10,1,60.78
539,46,101640,8,2,new,5,5,1,128.18
540,19,119100,5,6,regular,20,10,1,225.73
541,54,48428,6,4,new,10,20,1,135.14
542,20,36178,5,6,regular,10,5,1,351.94
543,28,49953,3,4,loyal,20,10,0,0.0
544,27,99951,3,2,new,5,5,0,0.0
545,61,41882,8,4,regular,10,5,0,0.0
546,20,108742,7,2,regular,5,20,0,0.0
547,40,35418,5,7,loyal,20,20,0,0.0
548,48,24887,7,4,new,0,0,0,0.0
549,44,41935,3,5,regular,0,0,0,0.0
550,53,95409,6,5,new,0,0,0,0.0
551,59,80227,4,6,regular,20,20,1,405.61
552,38,55472,6,3,regular,10,0,0,0.0
553,61,85603,6,4,new,5,20,1,79.45
554,34,84859,6,4,new,20,5,1,377.28
555,69,75472,2,2,regular,10,20,0,0.0
556,44,71404,7,3,new,20,10,0,0.0
557,56,30149,3,2,loyal,10,10,0,0.0
558,63,45974,5,5,loyal,5,10,0,0.0
559,59,72769,6,2,loyal,20,5,0,0.0
560,62,33522,1,4,new,0,0,0,0.0
561,45,67583,7,4,regular,0,5,1,191.86
562,20,31694,5,4,regular,0,20,0,0.0
563,43,98723,5,3,regular,20,5,1,95.02
564,27,30332,6,4,loyal,20,5,0,0.0
565,64,29253,5,4,regular,20,20,0,0.0
566,30,83779,5,3,new,5,0,1,285.43
567,29,42053,5,3,new,10,10,1,489.83
568,30,55141,10,6,regular,10,10,0,0.0
569,51,51425,7,6,loyal,20,10,0,0.0
570,47,41663,5,3,regular,20,0,0,0.0
571,67,96178,7,2,new,5,20,1,304.36
572,39,89188,2,1,regular,20,20,1,335.75
573,32,43877,5,3,regular,20,10,0,0.0
574,20,88684,6,5,regular,0,10,1,69.67
575,18,91347,3,4,regular,10,10,0,0.0
576,37,73916,4,10,regular,20,5,0,0.0
577,66,77838,6,1,new,5,20,1,426.04
578,45,113495,9,8,new,5,5,0,0.0
579,64,65387,3,2,regular,20,20,0,0.0
580,23,58541,4,6,loyal,20,0,0,0.0
581,22,73900,2,4,loyal,20,0,1,393.1
582,61,103586,8,1,regular,0,5,1,166.39
583,23,90958,8,9,regular,5,0,0,0.0
584,20,27513,2,7,regular,0,10,0,0.0
585,39,65927,7,3,loyal,10,10,0,0.0
586,66,93983,7,3,regular,20,0,0,0.0
587,53,42391,5,7,regular,20,10,0,0.0
588,23,118844,6,5,regular,5,10,1,413.01
589,61,100810,4,6,loyal,0,0,0,0.0
590,61,104659,3,5,regular,20,5,1,292.6
591,59,28172,1,7,regular,20,20,0,0.0
592,64,77966,11,5,loyal,5,0,1,472.63
593,30,72778,5,4,new,10,10,0,0.0
594,68,82676,6,3,new,5,0,0,0.0
595,34,105026,8,6,regular,20,10,0,0.0
596,59,55328,4,5,regular,10,0,1,218.67
597,48,73397,1,2,loyal,20,20,0,0.0
598,58,87948,5,8,regular,20,20,0,0.0
599,50,95318,4,5,loyal,10,10,1,293.35
600,51,97039,6,3,regular,0,5,1,396.09
601,50,53693,6,4,regular,5,10,1,497.1
602,58,119822,4,4,regular,10,20,1,231.8
603,56,20962,4,6,new,10,10,0,0.0
604,24,69246,6,6,new,0,10,0,0.0
605,60,80876,6,7,new,10,10,0,0.0
606,45,26130,4,2,new,0,0,0,0.0
607,34,65116,2,5,regular,20,0,1,54.46
608,44,79585,3,3,new,0,0,1,422.07
609,68,80761,5,3,regular,5,0,0,0.0
610,62,31902,5,3,regular,0,10,0,0.0
611,61,47750,7,0,regular,0,5,0,0.0
612,42,44476,6,3,regular,5,0,0,0.0
613,58,83992,7,9,regular,20,10,0,0.0
614,38,52877,5,3,loyal,10,10,0,0.0
615,53,77145,2,3,new,0,0,1,110.7
616,51,93102,3,3,regular,5,20,0,0.0
617,30,99727,3,2,regular,0,5,1,187.25
618,31,38380,2,7,loyal,0,5,1,293.2
619,21,110353,4,4,regular,10,20,1,250.39
620,25,36575,2,6,new,5,20,0,0.0
621,40,22187,3,5,loyal,0,5,0,0.0
622,42,24496,2,1,new,20,20,0,0.0
623,26,40103,1,3,loyal,20,10,0,0.0
624,39,107323,2,3,regular,20,5,0,0.0
625,49,40788,8,4,new,20,5,0,0.0
626,30,89350,5,4,regular,10,5,1,182.63
627,35,61849,5,2,regular,0,0,0,0.0
628,37,23994,8,5,regular,10,5,0,0.0
629,44,64413,5,4,loyal,0,10,0,0.0
630,37,22829,3,3,new,5,5,0,0.0
631,56,67617,4,4,new,5,10,0,0.0
632,35,75867,5,6,new,5,0,0,0.0
633,40,72136,8,5,loyal,20,0,0,0.0
634,37,48253,5,2,new,20,0,0,0.0
635,27,96656,10,0,loyal,10,10,1,159.13
636,53,79672,3,4,regular,5,20,1,498.85
637,30,45478,3,4,regular,0,5,0,0.0
638,33,63460,6,3,regular,20,20,1,312.21
639,59,30850,11,4,regular,0,20,0,0.0
640,67,112331,6,4,new,10,5,0,0.0
641,52,95304,4,1,regular,0,5,0,0.0
642,65,48780,5,9,regular,5,0,0,0.0
643,62,87491,8,6,new,0,5,1,68.29
644,43,87914,3,4,regular,20,20,0,0.0
645,58,80967,5,4,new,5,20,0,0.0
646,35,25405,4,2,new,20,10,0,0.0
647,41,107852,4,4,regular,5,5,1,133.22
648,45,115586,3,5,loyal,5,5,0,0.0
649,67,117414,7,7,loyal,5,10,1,286.64
650,62,118075,2,6,new,10,20,0,0.0
651,43,112882,3,3,regular,20,20,0,0.0
652,51,93907,5,3,regular,20,20,1,494.2
653,28,25687,3,5,regular,0,5,0,0.0
654,59,66521,6,2,new,10,0,0,0.0
655,46,44514,6,7,regular,0,10,0,0.0
656,45,41999,6,3,regular,20,5,0,0.0
657,57,103061,1,3,regular,5,0,0,0.0
658,50,101251,7,2,new,0,0,0,0.0
659,21,72206,5,3,regular,5,20,0,0.0
660,32,93635,3,4,new,20,0,0,0.0
661,27,32936,2,5,regular,10,5,0,0.0
662,56,42195,5,3,loyal,10,5,0,0.0
663,19,106047,6,3,new,10,5,0,0.0
664,28,65121,1,5,regular,0,0,1,266.66
665,49,74662,6,3,regular,20,5,1,259.68
666,54,66279,7,4,regular,0,20,1,488.45
667,44,40215,2,5,regular,5,0,0,0.0
668,62,102641,11,4,regular,10,5,1,183.14
669,65,95830,4,4,regular,20,20,0,0.0
670,24,88384,9,4,regular,0,20,0,0.0
671,67,55319,1,2,new,20,20,0,0.0
672,49,84316,3,1,new,0,10,0,0.0
673,51,115325,10,4,regular,10,0,0,0.0
674,22,84982,7,4,regular,0,10,1,123.56
675,50,69427,5,6,regular,20,20,0,0.0
676,55,47047,4,5,regular,0,10,0,0.0
677,48,72280,2,5,regular,10,10,0,0.0
678,22,57171,3,2,regular,0,0,1,300.32
679,45,81126,6,8,new,0,10,1,498.75
680,66,24566,8,2,loyal,10,0,0,0.0
681,55,39016,6,1,loyal,5,5,0,0.0
682,25,98694,5,4,loyal,10,5,0,0.0
683,67,58072,3,11,new,5,0,0,0.0
684,67,63299,3,4,regular,5,10,0,0.0
685,26,74389,1,5,loyal,0,0,0,0.0
686,59,63823,6,4,loyal,10,20,1,413.5
687,39,95863,4,3,new,20,20,1,389.11
688,48,44535,8,7,new,0,0,0,0.0
689,41,95843,7,4,regular,5,5,0,0.0
690,58,40942,9,6,new,20,0,1,201.26
691,69,57059,5,6,new,20,0,0,0.0
692,59,78782,3,4,regular,20,20,0,0.0
693,66,108597,5,2,new,0,5,1,51.99
694,67,43255,4,4,regular,20,5,0,0.0
695,22,78738,3,8,regular,0,20,0,0.0
696,31,26420,7,0,new,5,5,0,0.0
697,55,27542,6,4,loyal,5,0,0,0.0
698,48,96750,3,2,regular,20,0,0,0.0
699,20,91895,3,3,loyal,5,20,0,0.0
700,22,57646,6,2,new,10,0,0,0.0
701,45,82297,7,5,regular,10,5,0,0.0
702,50,58023,6,4,regular,5,0,1,420.88
703,26,47724,3,5,loyal,0,10,1,195.79
704,26,63131,5,6,new,20,10,0,0.0
705,24,51185,7,4,regular,0,5,0,0.0
706,47,101504,1,7,new,0,0,0,0.0
707,18,61167,9,7,loyal,20,0,0,0.0
708,47,52083,7,5,regular,10,20,0,0.0
709,42,73615,5,3,regular,5,20,1,166.27
710,42,95803,3,2,regular,0,10,0,0.0
711,53,47366,5,4,new,0,20,1,159.23
712,45,113954,6,1,new,5,0,1,116.87
713,55,66353,6,6,regular,20,20,1,408.99
714,57,86086,7,4,regular,20,20,0,0.0
715,65,115724,6,6,regular,10,20,0,0.0
716,59,63168,7,4,new,10,20,0,0.0
717,44,39981,4,5,regular,5,10,0,0.0
718,43,94778,4,2,regular,10,20,1,288.86
719,30,20662,3,2,regular,20,5,0,0.0
720,49,65789,4,3,regular,5,0,0,0.0
721,25,117999,7,1,regular,10,20,0,0.0
722,66,61442,6,5,regular,20,10,0,0.0
723,61,88409,5,3,loyal,0,10,0,0.0
724,24,72528,2,4,new,5,5,0,0.0
725,58,41467,3,5,regular,10,20,0,0.0
726,24,51772,7,2,regular,5,5,0,0.0
727,55,72353,0,5,regular,0,10,0,0.0
728,22,30425,7,3,new,0,5,0,0.0
729,43,61489,9,10,regular,20,5,0,0.0
730,52,61485,6,5,regular,5,10,0,0.0
731,55,103491,8,6,regular,20,0,0,0.0
732,39,32385,4,5,regular,20,0,0,0.0
733,65,104269,8,5,loyal,10,10,0,0.0
734,58,61044,10,5,regular,5,5,0,0.0
735,28,85135,6,4,new,5,0,0,0.0
736,52,75693,7,3,new,5,20,1,231.78
737,55,49978,5,7,regular,5,20,0,0.0
738,35,113071,5,4,loyal,5,10,0,0.0
739,56,42446,7,4,regular,5,5,0,0.0
740,64,23622,7,7,regular,5,20,0,0.0
741,60,95012,5,1,new,5,0,0,0.0
742,57,82145,6,5,new,10,0,0,0.0
743,50,109053,4,4,regular,10,10,0,0.0
744,32,65773,4,3,regular,20,10,0,0.0
745,59,21684,4,3,regular,0,5,0,0.0
746,36,22026,1,5,new,20,10,0,0.0
747,45,63325,10,0,new,20,0,1,496.71
748,34,44954,9,3,regular,20,5,0,0.0
749,34,112218,2,3,loyal,20,0,1,444.3
750,26,31848,7,5,new,10,0,0,0.0
751,67,108081,3,5,regular,5,0,1,479.31
752,25,41679,7,5,new,20,0,0,0.0
753,22,31940,4,5,new,20,0,1,246.15
754,66,47457,4,5,new,5,10,0,0.0
755,46,34414,9,3,regular,5,5,0,0.0
756,40,60130,7,6,new,0,0,0,0.0
757,56,53045,5,4,regular,10,0,0,0.0
758,37,72903,3,4,regular,20,0,0,0.0
759,24,73706,6,5,loyal,20,10,1,474.08
760,55,20098,5,3,regular,20,20,1,411.34
761,27,32487,5,5,regular,20,0,0,0.0
762,46,36186,3,4,regular,5,20,1,168.51
763,67,39472,2,3,regular,20,10,0,0.0
764,66,29356,7,6,regular,0,10,1,415.1
765,36,51463,6,7,regular,10,5,1,163.85
766,58,74967,6,5,loyal,5,10,0,0.0
767,49,50889,9,5,new,5,10,1,62.11
768,42,52907,2,7,regular,5,10,1,422.96
769,25,66955,3,4,new,20,10,0,0.0
770,37,74839,11,3,regular,20,10,1,270.7
771,51,53096,2,5,regular,10,10,0,0.0
772,69,42182,7,1,loyal,5,20,0,0.0
773,18,60938,7,2,regular,10,5,0,0.0
774,55,22422,5,8,regular,5,10,1,378.92
775,62,69257,6,4,regular,5,10,0,0.0
776,67,114136,10,3,new,0,0,0,0.0
777,40,59793,5,4,regular,5,10,1,336.17
778,24,30830,3,3,new,10,5,0,0.0
779,32,90708,4,8,regular,10,10,0,0.0
780,62,32685,3,1,regular,10,10,0,0.0
781,63,39363,4,0,regular,20,5,0,0.0
782,51,34654,3,1,new,0,10,1,267.64
783,24,108366,7,3,regular,20,10,0,0.0
784,24,118127,2,2,regular,5,20,0,0.0
785,42,76963,4,3,new,5,0,0,0.0
786,48,81766,7,4,new,5,5,0,0.0
787,19,84545,6,4,regular,20,5,0,0.0
788,53,81028,2,2,regular,10,10,1,76.04
789,46,74410,11,3,regular,0,0,0,0.0
790,18,118669,3,4,loyal,0,10,1,368.51
791,22,93313,5,4,regular,10,0,1,439.78
792,41,28843,4,8,loyal,10,20,1,353.5
793,55,59194,4,6,loyal,5,20,0,0.0
794,60,117450,6,6,new,5,10,0,0.0
795,40,60366,6,5,new,10,20,1,221.95
796,33,40401,4,2,loyal,20,20,1,110.15
797,68,106849,3,2,loyal,20,10,0,0.0
798,41,82307,2,7,regular,20,20,1,478.25
799,34,76257,1,5,new,0,10,0,0.0
800,41,62008,2,5,new,10,20,1,367.0
801,18,32437,6,6,loyal,5,20,1,94.06
802,33,58395,5,8,new,5,5,0,0.0
803,44,63747,2,3,loyal,20,0,1,146.29
804,65,113124,0,3,regular,5,0,0,0.0
805,56,50727,7,6,loyal,10,5,0,0.0
806,58,34922,9,4,new,0,10,0,0.0
807,46,62752,6,5,loyal,10,5,0,0.0
808,23,119706,6,5,regular,5,5,0,0.0
809,38,68220,4,3,regular,0,0,0,0.0
810,69,57912,5,4,new,0,20,0,0.0
811,20,86688,3,8,new,5,5,1,192.89
812,63,84877,1,5,new,10,10,0,0.0
813,53,49928,3,6,regular,20,10,0,0.0
814,32,116790,7,2,new,20,20,1,203.63
815,58,79294,3,0,regular,20,10,0,0.0
816,61,25760,5,5,new,0,10,1,350.74
817,20,60756,3,4,regular,20,20,1,252.98
818,23,112286,8,7,regular,20,10,1,396.61
819,52,59335,8,6,loyal,10,10,0,0.0
820,69,76781,6,7,regular,5,20,0,0.0
821,19,81262,4,2,loyal,20,10,1,180.2
822,52,90439,1,3,regular,0,0,1,192.25
823,25,107231,5,2,new,0,20,1,455.12
824,51,34918,5,2,loyal,0,20,1,485.99
825,50,71674,7,4,regular,10,10,1,74.45
826,22,73338,3,5,regular,0,20,1,451.16
827,53,35239,1,9,regular,0,0,0,0.0
828,64,87351,7,2,regular,10,20,1,135.12
829,62,31815,5,2,new,10,20,0,0.0
830,19,65624,1,3,new,5,0,0,0.0
831,30,53024,4,5,loyal,20,10,0,0.0
832,30,35498,6,2,regular,5,20,1,221.92
833,41,102232,2,7,regular,10,10,0,0.0
834,25,44411,9,4,loyal,10,0,0,0.0
835,62,45523,4,5,new,10,0,0,0.0
836,58,105439,5,3,new,5,0,0,0.0
837,60,107736,2,5,new,10,10,0,0.0
838,28,23447,6,4,loyal,0,5,1,286.39
839,18,47787,5,4,loyal,10,10,0,0.0
840,65,90886,5,5,loyal,20,0,0,0.0
841,33,97813,5,4,regular,10,5,0,0.0
842,52,119939,9,1,regular,0,5,0,0.0
843,65,75465,8,1,loyal,20,0,0,0.0
844,19,20748,0,5,loyal,10,20,0,0.0
845,18,107363,2,3,new,20,0,0,0.0
846,18,36104,2,4,new,10,10,0,0.0
847,26,32079,7,2,regular,10,5,1,375.37
848,20,87414,5,4,regular,20,10,0,0.0
849,60,80381,6,5,regular,20,5,0,0.0
850,49,25999,6,2,new,5,20,1,248.17
851,68,36928,6,1,loyal,10,5,0,0.0
852,59,78978,4,1,regular,20,20,0,0.0
853,68,45534,8,4,new,20,5,0,0.0
854,30,88400,6,6,regular,0,20,1,166.92
855,32,61176,2,4,loyal,20,10,0,0.0
856,62,78814,4,2,regular,10,20,1,399.8
857,30,67495,2,3,loyal,0,0,0,0.0
858,20,56518,2,2,loyal,10,20,0,0.0
859,52,54240,4,5,new,20,10,1,320.16
860,59,89728,7,8,regular,20,0,0,0.0
861,68,71438,1,2,new,0,0,0,0.0
862,66,79429,4,1,regular,10,10,0,0.0
863,24,77730,5,1,regular,0,10,0,0.0
864,58,40763,5,2,regular,10,5,1,124.48
865,61,111322,5,3,regular,5,20,1,233.38
866,54,76313,8,2,new,20,0,0,0.0
867,60,91806,4,7,new,0,5,0,0.0
868,61,108190,4,9,regular,5,0,0,0.0
869,41,112470,1,5,new,20,20,1,417.27
870,20,86683,5,1,new,10,5,0,0.0
871,41,98711,2,0,loyal,5,0,0,0.0
872,28,67179,7,4,regular,10,20,1,262.06
873,23,93779,5,5,regular,5,10,0,0.0
874,24,52158,1,4,new,5,5,0,0.0
875,54,91178,1,5,loyal,5,10,0,0.0
876,44,28588,4,7,loyal,5,20,0,0.0
877,46,111427,7,8,regular,0,5,0,0.0
878,56,44462,2,0,new,10,0,0,0.0
879,46,85656,6,2,regular,5,20,0,0.0
880,50,21118,4,3,regular,5,0,0,0.0
881,22,35571,0,2,loyal,0,10,0,0.0
882,62,118662,4,7,regular,20,20,0,0.0
883,41,103336,6,2,loyal,0,0,0,0.0
884,26,42248,8,2,regular,10,5,1,432.66
885,60,33084,4,4,regular,20,0,1,144.9
886,56,101487,6,4,regular,10,10,1,349.27
887,20,119016,3,3,regular,20,0,0,0.0
888,28,36864,9,5,regular,0,0,0,0.0
889,18,86394,5,8,regular,5,20,0,0.0
890,32,48360,8,6,regular,20,0,0,0.0
891,23,94438,5,5,regular,0,10,0,0.0
892,54,61827,4,4,new,20,5,0,0.0
893,45,32535,7,3,regular,0,5,0,0.0
894,68,52440,2,4,regular,10,10,0,0.0
895,56,73862,4,8,new,20,10,0,0.0
896,49,99835,2,6,new,0,0,1,149.48
897,44,22102,8,2,regular,20,0,0,0.0
898,20,115769,8,3,regular,10,20,0,0.0
899,21,84960,10,4,loyal,10,0,0,0.0
900,50,107529,4,7,regular,0,0,0,0.0
901,18,113005,3,7,regular,0,0,0,0.0
902,20,35357,5,2,new,0,10,0,0.0
903,29,29373,2,4,new,5,0,0,0.0
904,63,97668,4,5,regular,5,10,1,389.79
905,41,38788,6,10,regular,10,20,0,0.0
906,54,34794,4,4,regular,0,5,0,0.0
907,39,66851,6,2,regular,5,20,0,0.0
908,27,111338,6,7,new,20,5,0,0.0
909,37,99560,5,3,regular,20,20,0,0.0
910,22,71787,2,6,new,10,0,0,0.0
911,58,39645,4,4,regular,10,10,0,0.0
912,27,53638,4,6,regular,10,10,0,0.0
913,37,88849,5,7,regular,10,20,1,457.34
914,68,35702,8,6,regular,20,5,0,0.0
915,48,72440,2,3,regular,5,20,0,0.0
916,41,21180,6,7,loyal,5,0,1,337.92
917,46,52508,6,3,new,10,5,1,497.97
918,58,44794,5,4,loyal,20,0,0,0.0
919,31,88108,6,6,regular,10,0,0,0.0
920,51,111402,5,3,regular,10,10,0,0.0
921,63,34648,5,1,new,20,5,1,164.52
922,47,99726,9,5,new,0,20,1,280.54
923,41,85592,4,5,loyal,20,20,0,0.0
924,25,116979,5,4,new,10,0,0,0.0
925,30,111151,6,4,regular,5,20,0,0.0
926,67,30076,6,4,new,10,10,1,254.8
927,46,94322,6,3,new,10,10,0,0.0
928,33,79217,4,6,loyal,10,5,1,247.25
929,39,31308,7,1,regular,20,10,0,0.0
930,48,45715,8,1,regular,5,0,1,344.42
931,45,112694,5,2,new,5,0,0,0.0
932,54,74294,7,2,new,10,5,0,0.0
933,31,53846,6,4,regular,0,20,0,0.0
934,51,52045,6,7,new,0,20,1,268.73
935,41,103786,8,3,new,5,10,0,0.0
936,66,48346,5,4,regular,20,20,0,0.0
937,26,35888,3,3,new,5,20,1,304.43
938,25,77384,7,2,loyal,10,5,0,0.0
939,42,119251,6,1,regular,20,0,0,0.0
940,44,38331,8,6,new,10,5,0,0.0
941,53,45531,4,4,regular,10,10,0,0.0
942,39,66913,7,3,regular,10,5,1,247.75
943,65,39981,10,3,regular,10,20,0,0.0
944,42,85081,6,6,loyal,20,5,1,464.25
945,24,45362,6,5,regular,5,20,0,0.0
946,24,32818,6,4,new,0,5,0,0.0
947,68,46126,2,7,regular,20,5,1,384.81
948,24,113059,7,4,regular,5,0,0,0.0
949,67,113489,13,5,regular,20,5,1,140.59
950,32,70572,4,3,loyal,10,10,0,0.0
951,22,60045,6,12,new,10,5,0,0.0
952,33,101952,8,3,new,10,5,0,0.0
953,49,39426,4,5,loyal,5,0,0,0.0
954,40,85390,3,3,new,10,10,1,368.19
955,58,88005,8,2,new,5,10,0,0.0
956,49,91000,7,9,new,20,10,1,288.47
957,38,41794,5,2,regular,10,0,0,0.0
958,51,91613,5,5,regular,5,20,1,156.57
959,68,81199,8,2,regular,5,0,0,0.0
960,39,107509,5,7,regular,20,5,0,0.0
961,25,37439,4,6,regular,5,0,0,0.0
962,39,81360,5,4,loyal,5,20,1,69.57
963,61,102963,6,4,loyal,0,5,1,313.55
964,29,47821,3,7,new,10,10,0,0.0
965,67,94377,6,1,loyal,0,10,1,136.85
966,48,29950,4,0,regular,5,10,0,0.0
967,49,91809,3,5,loyal,20,10,0,0.0
968,34,80625,5,3,regular,5,10,1,138.18
969,65,39255,4,5,new,0,10,0,0.0
970,19,26635,5,3,regular,20,0,0,0.0
971,33,94548,5,3,regular,0,5,0,0.0
972,39,44129,4,4,loyal,10,0,0,0.0
973,42,69744,3,3,regular,0,10,0,0.0
974,42,26070,6,3,regular,10,10,0,0.0
975,25,116349,4,2,regular,20,10,1,67.79
976,29,74888,7,3,regular,10,20,0,0.0
977,22,113158,6,4,regular,0,5,1,51.9
978,47,36033,2,6,regular,0,20,0,0.0
979,36,40579,4,7,loyal,0,10,1,351.35
980,47,81040,6,1,regular,5,0,1,490.91
981,48,80449,7,4,regular,20,0,1,471.26
982,54,99086,3,2,loyal,0,5,1,484.35
983,46,112805,7,2,regular,10,20,0,0.0
984,51,102188,2,3,regular,10,5,0,0.0
985,48,34021,3,3,regular,10,5,0,0.0
986,51,50954,5,2,regular,20,5,0,0.0
987,50,111382,7,6,regular,10,20,1,144.22
988,34,74895,5,3,loyal,0,0,0,0.0
989,30,106701,8,1,regular,20,10,1,432.22
990,58,76301,7,6,regular,5,10,0,0.0
991,35,24974,9,4,new,5,20,0,0.0
992,46,67288,10,4,new,20,5,0,0.0
993,28,102466,6,6,regular,20,20,1,394.53
994,40,85511,6,6,loyal,0,20,1,92.59
995,45,33277,4,2,regular,5,0,0,0.0
996,50,41008,3,5,regular,5,5,0,0.0
997,45,105437,9,4,loyal,20,0,1,372.63
998,36,117924,8,2,regular,0,20,1,488.17
999,68,95288,10,4,new,5,0,1,236.69
1000,44,29807,7,8,regular,5,20,0,0.0
1001,60,81919,3,4,loyal,0,20,1,191.95
1002,56,102922,9,5,regular,10,5,0,0.0
1003,47,84019,9,6,loyal,0,0,0,0.0
1004,64,79409,4,2,loyal,5,20,0,0.0
1005,24,66735,5,6,new,20,5,0,0.0
1006,65,44485,4,2,regular,20,10,0,0.0
1007,62,48076,6,2,regular,0,5,0,0.0
1008,44,94567,5,2,regular,5,5,1,81.25
1009,56,26981,6,4,new,0,5,0,0.0
1010,45,28448,9,3,regular,0,10,1,324.18
1011,31,59666,3,6,regular,0,0,0,0.0
1012,59,97441,6,3,regular,20,10,0,0.0
1013,30,85703,6,2,loyal,10,5,0,0.0
1014,34,78998,5,12,regular,0,0,0,0.0
1015,45,73413,6,2,regular,5,20,1,169.28
1016,61,31075,2,5,new,10,0,0,0.0
1017,37,53179,7,2,new,5,20,1,402.66
1018,43,27950,5,9,regular,5,20,1,452.42
1019,20,95815,1,5,regular,0,5,1,319.05
1020,24,95083,2,3,regular,0,0,0,0.0
1021,20,45809,3,6,loyal,0,10,0,0.0
1022,21,49293,3,3,regular,0,10,0,0.0
1023,63,51745,5,4,regular,20,0,0,0.0
1024,61,108930,4,2,regular,20,20,0,0.0
1025,60,68852,8,3,regular,10,5,0,0.0
1026,20,96207,5,3,regular,0,5,0,0.0
1027,22,64882,5,4,new,0,20,0,0.0
1028,32,89819,3,3,regular,20,20,1,429.57
1029,47,72832,4,3,new,5,5,1,476.28
1030,35,47860,2,5,regular,10,20,0,0.0
1031,43,107629,4,2,loyal,10,5,0,0.0
1032,26,90894,4,5,new,10,5,0,0.0
1033,56,96933,4,4,regular,5,10,0,0.0
1034,34,114814,5,7,regular,10,5,0,0.0
1035,21,44877,3,2,regular,20,10,0,0.0
1036,56,29155,5,2,regular,20,10,0,0.0
1037,64,78227,6,5,regular,10,10,0,0.0
1038,18,52616,3,1,loyal,0,20,0,0.0
1039,40,63577,6,3,loyal,0,5,0,0.0
1040,61,43467,5,4,new,5,10,1,73.34
1041,54,59846,2,3,loyal,20,5,0,0.0
1042,62,59325,6,7,new,20,0,0,0.0
1043,39,55055,3,4,new,5,5,0,0.0
1044,37,94233,4,4,regular,0,5,0,0.0
1045,54,79265,2,3,loyal,10,0,0,0.0
1046,25,67424,3,3,new,10,10,0,0.0
1047,30,31271,4,3,regular,0,20,1,121.72
1048,49,77073,6,3,new,20,5,0,0.0
1049,52,37502,13,1,regular,20,10,1,269.64
1050,24,51415,2,6,regular,20,0,0,0.0
1051,44,61490,4,4,regular,10,5,0,0.0
1052,36,34128,2,4,new,20,20,0,0.0
1053,44,58948,6,3,new,0,0,0,0.0
1054,67,46693,5,8,regular,0,10,0,0.0
1055,21,104976,4,6,new,0,20,0,0.0
1056,69,105968,5,3,new,10,20,0,0.0
1057,41,20456,5,1,regular,5,20,0,0.0
1058,58,80241,4,4,regular,10,0,1,336.99
1059,40,84055,3,3,loyal,0,0,1,227.85
1060,34,57798,5,2,new,5,0,0,0.0
1061,58,66912,7,6,regular,5,20,1,301.4
1062,53,98990,3,3,loyal,10,0,0,0.0
1063,25,57796,4,4,regular,5,0,1,345.4
1064,54,26445,5,1,regular,20,10,0,0.0
1065,57,57250,3,4,new,0,0,0,0.0
1066,38,45389,8,7,regular,10,20,0,0.0
1067,66,58272,6,1,loyal,0,10,0,0.0
1068,51,43010,4,4,regular,5,20,0,0.0
1069,35,34987,9,6,loyal,10,10,1,330.78
1070,18,118536,3,4,regular,20,5,0,0.0
1071,53,32886,4,4,regular,20,10,1,174.32
1072,28,90609,1,2,regular,5,5,0,0.0
1073,57,91757,8,9,regular,20,20,1,310.29
1074,45,81778,2,5,regular,10,5,0,0.0
1075,42,111145,2,8,regular,20,10,0,0.0
1076,26,20498,6,2,regular,10,0,0,0.0
1077,54,50162,2,5,loyal,0,0,0,0.0
1078,26,38431,2,5,regular,10,10,0,0.0
1079,39,77692,7,6,new,5,20,1,403.43
1080,61,83554,4,5,regular,5,0,0,0.0
1081,65,109790,1,8,regular,0,20,1,493.67
1082,69,57971,1,6,regular,5,20,0,0.0
1083,67,43589,7,6,loyal,10,10,0,0.0
1084,46,112428,6,6,regular,0,10,0,0.0
1085,28,87298,1,2,regular,5,0,0,0.0
1086,61,96472,2,3,loyal,10,0,0,0.0
1087,59,64497,8,7,regular,5,0,0,0.0
1088,69,64738,1,3,regular,20,10,0,0.0
1089,51,58904,5,5,regular,20,5,1,201.49
1090,25,94951,5,3,regular,5,20,1,489.04
1091,44,41061,3,8,regular,20,10,0,0.0
1092,41,117540,7,5,regular,10,20,1,297.58
1093,61,37592,2,6,new,5,20,0,0.0
1094,38,66098,6,3,new,10,0,1,499.0
1095,35,51461,6,2,new,0,10,0,0.0
1096,22,84252,4,4,loyal,10,5,0,0.0
1097,61,88069,8,3,new,20,20,1,201.3
1098,57,111866,3,7,regular,20,0,1,106.93
1099,20,98921,8,2,loyal,0,5,0,0.0
1100,40,44867,6,6,new,20,20,1,381.74
1101,42,40665,5,3,loyal,5,0,1,441.66
1102,42,108655,5,6,regular,20,5,0,0.0
1103,65,68787,4,6,new,10,5,1,314.2
1104,25,29754,4,2,loyal,5,20,0,0.0
1105,33,102497,3,5,loyal,5,5,1,265.52
1106,27,84844,0,2,new,0,5,0,0.0
1107,30,22557,4,4,loyal,10,10,0,0.0
1108,65,98283,3,7,regular,5,0,1,168.94
1109,66,80737,6,4,loyal,5,10,0,0.0
1110,20,81460,6,6,regular,10,5,1,266.63
1111,50,106493,8,3,regular,5,20,0,0.0
1112,30,69553,5,2,loyal,0,10,0,0.0
1113,28,66126,6,3,regular,20,20,1,340.23
1114,33,81734,6,6,new,20,5,0,0.0
1115,28,39778,8,5,regular,20,0,1,90.76
1116,43,35166,3,6,loyal,20,5,0,0.0
1117,69,104377,5,1,loyal,0,5,1,257.31
1118,48,41557,8,3,regular,10,5,0,0.0
1119,55,70434,4,0,regular,0,0,1,136.08
1120,43,46989,9,5,loyal,10,0,0,0.0
1121,18,43045,4,5,new,20,10,0,0.0
1122,22,79777,2,8,regular,5,0,0,0.0
1123,31,100236,7,3,regular,10,5,0,0.0
1124,30,64190,3,5,loyal,20,20,1,313.56
1125,61,33872,4,4,regular,10,5,1,192.7
1126,61,44447,8,2,regular,5,20,0,0.0
1127,62,36457,7,3,loyal,20,5,0,0.0
1128,51,108280,4,3,regular,0,10,0,0.0
1129,46,51952,8,4,regular,5,5,0,0.0
1130,51,57392,2,5,loyal,20,0,0,0.0
1131,39,27103,4,1,new,10,5,1,174.29
1132,52,64603,5,5,regular,20,0,0,0.0
1133,59,111392,1,2,loyal,5,5,0,0.0
1134,57,60970,3,3,loyal,5,5,1,88.83
1135,49,85124,4,7,new,5,5,0,0.0
1136,21,38194,7,7,regular,10,0,1,199.05
1137,55,34293,5,8,regular,10,5,0,0.0
1138,37,93162,8,4,loyal,10,0,1,364.6
1139,56,26573,9,2,regular,0,5,1,212.42
1140,46,64845,7,8,regular,20,0,0,0.0
1141,63,51670,2,3,loyal,20,10,0,0.0
1142,35,21625,4,2,regular,10,5,1,199.37
1143,66,73120,4,2,regular,0,5,1,487.63
1144,61,116401,8,8,regular,5,10,1,109.01
1145,35,26914,2,2,regular,5,0,0,0.0
1146,43,101576,4,2,new,10,0,0,0.0
1147,45,73917,10,3,regular,5,5,1,353.64
1148,57,92355,2,5,regular,20,5,0,0.0
1149,53,29654,2,4,regular,10,5,1,69.89
1150,62,106909,3,5,loyal,0,5,0,0.0
1151,37,21141,6,6,regular,5,0,1,391.86
1152,44,110680,4,5,regular,10,0,0,0.0
1153,40,85780,4,5,regular,0,0,0,0.0
1154,65,53748,3,5,regular,0,20,1,318.72
1155,33,20710,4,4,regular,10,0,0,0.0
1156,48,81095,9,5,regular,5,20,0,0.0
1157,24,28743,11,6,new,0,10,1,137.13
1158,62,80880,8,4,regular,10,0,0,0.0
1159,37,97314,8,7,regular,10,20,1,272.4
1160,35,46729,4,3,new,10,5,0,0.0
1161,48,43872,7,5,loyal,0,5,0,0.0
1162,43,42195,4,0,regular,20,0,0,0.0
1163,62,42483,3,3,regular,0,0,0,0.0
1164,45,31390,5,6,regular,10,20,0,0.0
1165,44,44970,4,4,regular,20,10,0,0.0
1166,23,85931,5,4,loyal,20,5,0,0.0
1167,19,50251,3,4,new,20,20,0,0.0
1168,38,98091,7,5,loyal,10,20,1,103.98
1169,69,101928,5,1,new,5,20,0,0.0
1170,65,96095,3,1,new,0,5,0,0.0
1171,50,73952,6,4,new,20,20,0,0.0
1172,50,51627,3,3,regular,5,0,0,0.0
1173,38,112989,6,5,loyal,10,10,1,139.28
1174,27,40525,4,2,new,0,20,1,441.46
1175,18,66450,5,4,regular,5,0,1,246.38
1176,35,65361,6,3,regular,10,20,0,0.0
1177,34,94558,3,5,new,20,20,0,0.0
1178,27,74681,6,4,regular,10,0,0,0.0
1179,31,99951,5,3,loyal,0,20,1,353.94
1180,19,111908,6,3,regular,5,0,0,0.0
1181,49,59062,3,6,regular,10,20,1,479.72
1182,66,107482,4,4,new,5,20,1,308.85
1183,53,36968,8,4,regular,0,5,0,0.0
1184,41,111605,5,3,new,10,20,1,121.81
1185,39,37798,5,3,new,10,10,1,234.75
1186,33,105026,5,3,new,5,10,0,0.0
1187,25,59024,6,5,new,20,5,0,0.0
1188,49,116458,1,2,loyal,0,0,0,0.0
1189,47,32919,5,3,regular,5,5,1,381.69
1190,18,66549,3,7,new,20,0,0,0.0
1191,39,110188,8,7,regular,0,0,0,0.0
1192,32,24747,7,4,regular,20,10,0,0.0
1193,26,46501,7,3,regular,0,0,0,0.0
1194,54,28356,3,3,regular,0,0,0,0.0
1195,45,52127,5,1,new,0,20,0,0.0
1196,50,59027,5,2,regular,5,0,0,0.0
1197,55,81889,3,5,regular,0,10,0,0.0
1198,69,45768,4,4,loyal,5,0,0,0.0
1199,59,35868,8,3,regular,0,10,1,478.87
1200,50,36994,7,1,regular,20,10,0,0.0
1201,63,113840,2,1,regular,10,0,1,143.89
1202,42,115320,3,5,regular,10,10,1,52.78
1203,69,42140,2,2,regular,0,0,0,0.0
1204,57,39541,9,2,regular,10,20,0,0.0
1205,51,25419,4,2,loyal,20,10,0,0.0
1206,64,115937,5,5,regular,0,0,1,159.91
1207,44,90615,7,2,new,20,5,0,0.0
1208,55,96083,1,3,regular,0,20,0,0.0
1209,32,49057,5,3,new,20,20,1,95.52
1210,68,84094,9,4,regular,20,5,1,146.59
1211,50,25980,6,4,loyal,5,10,1,137.43
1212,58,87601,2,2,new,5,20,0,0.0
1213,41,77965,3,4,new,0,5,0,0.0
1214,63,53147,5,4,new,0,10,0,0.0
1215,21,91046,3,3,regular,5,5,1,221.31
1216,23,84642,1,5,regular,5,5,0,0.0
1217,44,63899,3,6,regular,0,0,0,0.0
1218,56,38669,6,6,regular,10,20,0,0.0
1219,60,22356,8,2,loyal,20,10,0,0.0
1220,40,113770,7,8,loyal,5,10,1,480.88
1221,51,48135,2,5,regular,20,0,1,426.35
1222,46,50179,8,3,regular,5,10,1,52.91
1223,67,88106,7,2,regular,5,0,0,0.0
1224,52,45518,5,3,regular,5,20,0,0.0
1225,39,57575,3,3,regular,20,10,0,0.0
1226,68,91116,5,1,regular,5,5,1,474.44
1227,23,79537,2,4,new,20,5,0,0.0
1228,69,85644,8,6,new,20,0,1,187.75
1229,26,20467,3,4,regular,0,10,0,0.0
1230,32,65129,7,6,new,5,0,0,0.0
1231,60,67526,4,4,regular,0,20,0,0.0
1232,56,83244,8,3,new,20,5,0,0.0
1233,68,35145,1,2,loyal,5,20,1,224.14
1234,56,35949,2,4,regular,0,20,1,190.1
1235,51,96243,8,3,new,0,5,0,0.0
1236,36,87332,7,3,loyal,20,20,1,482.75
1237,18,101118,2,2,new,0,10,1,335.0
1238,24,47061,6,0,loyal,10,10,1,74.54
1239,33,119760,13,8,loyal,20,0,1,85.31
1240,20,47283,4,6,regular,5,10,0,0.0
1241,44,85096,1,7,loyal,0,10,0,0.0
1242,58,36217,5,3,loyal,10,0,1,130.93
1243,68,111850,5,1,regular,10,10,0,0.0
1244,43,53237,2,8,new,5,20,1,373.87
1245,63,100247,5,4,new,10,5,1,140.97
1246,69,53125,10,5,new,20,5,0,0.0
1247,62,99084,5,4,regular,10,10,0,0.0
1248,42,65417,4,1,new,20,5,0,0.0
1249,34,26249,4,5,regular,5,10,0,0.0
1250,68,39041,4,4,new,0,20,0,0.0
1251,30,88343,7,7,loyal,20,10,0,0.0
1252,39,39300,4,8,new,5,20,0,0.0
1253,21,47531,7,6,regular,0,0,1,203.15
1254,59,74173,3,8,new,0,20,0,0.0
1255,51,45304,6,8,regular,20,0,0,0.0
1256,22,32887,0,7,regular,0,5,1,430.92
1257,29,82429,6,3,regular,20,0,0,0.0
1258,46,88889,3,4,new,5,0,0,0.0
1259,46,93304,5,1,regular,20,20,0,0.0
1260,59,114394,4,3,regular,10,5,0,0.0
1261,31,32449,7,4,loyal,20,10,0,0.0
1262,66,62679,6,3,new,20,5,1,302.5
1263,41,43399,3,4,new,5,10,0,0.0
1264,60,110110,5,6,loyal,20,20,0,0.0
1265,30,73979,6,5,regular,10,0,0,0.0
1266,19,29831,7,2,regular,5,20,1,149.33
1267,20,89214,6,6,new,5,10,0,0.0
1268,37,24295,5,4,regular,0,20,0,0.0
1269,67,47417,5,1,regular,0,0,0,0.0
1270,20,92136,11,6,loyal,10,0,1,72.08
1271,37,70600,7,2,regular,10,0,1,451.31
1272,23,96102,4,4,regular,0,5,1,481.99
1273,66,77118,10,6,regular,5,10,1,308.76
1274,53,104305,6,1,new,10,20,1,451.34
1275,57,76256,1,7,new,0,10,0,0.0
1276,55,25681,6,5,regular,5,5,1,65.38
1277,52,27126,4,3,regular,20,0,1,161.59
1278,58,97690,3,7,regular,5,0,0,0.0
1279,18,23860,6,2,loyal,20,5,0,0.0
1280,63,57653,6,5,new,5,20,0,0.0
1281,56,21610,6,6,regular,0,20,1,242.6
1282,56,50333,2,3,loyal,5,0,0,0.0
1283,38,79513,5,3,regular,5,20,1,169.74
1284,59,37302,3,5,regular,0,5,0,0.0
1285,37,66609,4,2,loyal,10,10,0,0.0
1286,20,119601,10,4,loyal,10,10,0,0.0
1287,65,27049,5,5,regular,10,5,0,0.0
1288,30,26366,5,1,regular,5,0,0,0.0
1289,23,47124,5,3,regular,0,0,0,0.0
1290,50,102700,1,5,new,10,20,1,225.42
1291,30,60579,5,3,new,5,10,1,317.51
1292,62,83949,7,1,regular,10,5,0,0.0
1293,41,23387,6,3,regular,5,20,0,0.0
1294,18,93508,5,5,regular,0,5,0,0.0
1295,67,26742,6,5,regular,10,10,0,0.0
1296,44,91171,6,4,loyal,5,20,0,0.0
1297,31,34791,2,2,new,5,5,0,0.0
1298,53,105843,4,7,new,20,0,1,453.1
1299,45,49613,3,5,regular,5,5,0,0.0
1300,19,38379,1,3,regular,5,5,1,484.01
1301,57,53670,6,5,loyal,5,10,1,386.06
1302,38,20082,6,3,regular,0,10,0,0.0
1303,54,36512,1,9,new,5,10,0,0.0
1304,64,79852,3,3,new,10,0,0,0.0
1305,49,50077,5,4,regular,5,20,1,93.14
1306,52,55385,8,1,regular,5,5,1,348.88
1307,31,100722,5,5,new,10,20,0,0.0
1308,30,32378,3,2,new,5,10,1,270.12
1309,39,59589,6,4,regular,10,5,0,0.0
1310,62,38613,3,5,regular,0,20,0,0.0
1311,45,68284,4,3,new,5,5,0,0.0
1312,36,53174,6,7,regular,0,5,0,0.0
1313,58,24622,4,7,regular,10,5,0,0.0
1314,62,27023,5,5,loyal,10,10,0,0.0
1315,64,105233,5,4,new,0,0,1,485.1
1316,33,25691,5,5,new,5,10,0,0.0
1317,54,98270,3,3,loyal,10,0,0,0.0
1318,48,111602,6,7,regular,5,0,0,0.0
1319,41,66581,6,1,loyal,20,20,0,0.0
1320,38,51210,6,6,regular,20,0,0,0.0
1321,23,97631,6,4,new,0,5,0,0.0
1322,32,118223,8,4,regular,5,5,0,0.0
1323,46,32042,4,3,new,5,5,0,0.0
1324,64,116436,7,3,regular,10,10,0,0.0
1325,63,114373,4,3,new,10,0,0,0.0
1326,27,34257,5,4,loyal,20,5,0,0.0
1327,53,25473,6,4,regular,5,5,1,308.98
1328,22,91492,7,4,regular,5,0,1,390.22
1329,53,27766,4,2,regular,5,0,0,0.0
1330,35,80080,6,4,loyal,20,20,0,0.0
1331,41,26475,7,0,loyal,5,20,0,0.0
1332,55,89064,4,4,loyal,10,10,0,0.0
1333,40,43170,1,7,loyal,0,20,0,0.0
1334,59,29619,5,4,regular,5,20,0,0.0
1335,45,26661,5,6,new,5,20,0,0.0
1336,69,38856,5,4,new,20,20,0,0.0
1337,51,74075,9,3,loyal,0,0,0,0.0
1338,33,27663,7,6,loyal,5,10,1,219.14
1339,58,100227,5,3,new,10,20,1,452.49
1340,39,80413,5,7,new,5,10,1,391.78
1341,45,49730,2,1,regular,5,5,0,0.0
1342,25,118659,3,2,regular,10,20,1,237.95
1343,24,85853,2,2,regular,0,10,1,461.46
1344,47,87198,0,2,loyal,10,10,1,472.37
1345,27,37394,7,7,regular,20,20,0,0.0
1346,69,91076,7,2,regular,10,0,0,0.0
1347,62,75919,4,4,regular,20,10,1,492.44
1348,54,118458,2,7,regular,10,20,0,0.0
1349,56,67799,6,5,regular,10,5,1,432.25
1350,48,87801,5,3,regular,10,0,0,0.0
1351,21,54112,2,6,loyal,20,10,0,0.0
1352,38,24018,9,4,loyal,10,20,0,0.0
1353,43,32791,6,3,regular,5,10,1,259.91
1354,65,106700,4,3,new,10,20,0,0.0
1355,29,93812,3,4,loyal,5,10,0,0.0
1356,43,56467,6,5,regular,0,0,1,304.77
1357,35,89782,3,6,regular,20,0,1,487.46
1358,24,20436,1,3,regular,10,0,0,0.0
1359,23,23718,6,5,regular,5,10,0,0.0
1360,36,70723,8,4,loyal,20,20,1,157.9
1361,22,82496,6,4,regular,5,0,0,0.0
1362,21,113701,4,7,regular,5,20,1,170.41
1363,36,95965,3,3,regular,0,10,0,0.0
1364,28,45733,6,2,new,0,10,1,343.44
1365,46,101513,6,4,regular,10,5,0,0.0
1366,18,69151,1,7,regular,20,5,1,303.44
1367,33,102603,4,2,regular,10,0,0,0.0
1368,41,37377,4,4,new,5,20,0,0.0
1369,68,22622,3,0,new,20,10,1,50.22
1370,50,25769,6,2,regular,10,10,0,0.0
1371,63,119088,3,7,regular,0,20,0,0.0
1372,35,28054,2,7,loyal,5,20,0,0.0
1373,41,113935,4,8,regular,10,0,0,0.0
1374,39,92701,3,3,new,10,5,0,0.0
1375,64,34603,2,7,regular,0,5,1,369.7
1376,67,106407,6,2,new,5,5,1,328.64
1377,68,34421,7,4,new,20,0,0,0.0
1378,57,34329,7,5,regular,20,10,0,0.0
1379,44,77552,6,7,regular,10,0,0,0.0
1380,46,48831,5,1,regular,10,10,0,0.0
1381,68,49082,2,2,regular,10,20,1,302.7
1382,32,39502,6,4,regular,5,0,0,0.0
1383,36,80767,3,5,new,0,5,0,0.0
1384,64,22685,3,4,new,10,0,1,217.52
1385,38,44507,4,4,loyal,20,20,1,272.7
1386,30,75343,3,2,new,20,20,1,371.87
1387,47,68654,8,8,regular,5,10,1,94.49
1388,34,89992,7,2,new,20,10,0,0.0
1389,64,41624,11,5,regular,5,10,1,128.05
1390,65,84787,1,2,new,0,0,0,0.0
1391,33,95994,9,2,new,5,10,0,0.0
1392,45,58805,4,5,regular,5,5,0,0.0
1393,69,45681,3,2,regular,20,5,0,0.0
1394,56,75501,4,4,regular,0,20,0,0.0
1395,29,77886,1,5,regular,5,20,0,0.0
1396,48,29409,6,3,loyal,20,0,0,0.0
1397,50,76511,5,4,new,0,10,0,0.0
1398,51,35430,4,4,regular,0,10,0,0.0
1399,19,76882,2,3,new,10,20,1,275.51
1400,33,113179,3,2,regular,20,10,0,0.0
1401,62,73707,10,5,regular,5,5,0,0.0
1402,30,96150,2,5,regular,10,20,1,437.38
1403,33,50970,3,1,regular,10,20,0,0.0
1404,34,112273,5,2,new,20,20,1,112.6
1405,27,101275,5,8,loyal,10,20,0,0.0
1406,26,111668,6,5,new,10,10,0,0.0
1407,36,94159,9,6,new,5,5,1,371.96
1408,63,84939,3,3,loyal,5,20,1,258.85
1409,18,72500,4,5,regular,5,20,0,0.0
1410,32,112823,3,2,loyal,5,20,1,449.72
1411,21,104819,4,7,new,10,20,1,209.46
1412,47,61670,5,3,new,0,5,0,0.0
1413,31,28565,7,6,regular,20,20,0,0.0
1414,59,20361,8,3,new,0,0,0,0.0
1415,48,43348,4,2,regular,5,10,0,0.0
1416,58,26257,5,7,new,0,5,0,0.0
1417,51,41150,3,3,new,5,0,1,189.21
1418,40,30948,5,3,regular,20,20,0,0.0
1419,62,118105,4,4,new,20,10,1,454.15
1420,42,29535,4,8,new,5,10,0,0.0
1421,67,82689,3,4,regular,0,10,0,0.0
1422,69,55170,3,8,regular,0,0,0,0.0
1423,48,37421,7,4,regular,5,10,0,0.0
1424,53,90127,4,4,regular,0,5,1,285.58
1425,31,117055,6,1,regular,0,20,0,0.0
1426,60,99064,4,6,regular,5,10,0,0.0
1427,52,117523,5,2,new,0,20,1,432.14
1428,64,79021,5,4,new,0,0,1,58.47
1429,31,87357,6,1,loyal,5,5,0,0.0
1430,58,34643,6,3,new,10,10,0,0.0
1431,42,105241,3,3,loyal,20,20,1,294.3
1432,27,94790,4,1,new,10,0,0,0.0
1433,26,45402,6,4,regular,10,0,0,0.0
1434,47,55480,3,2,regular,10,10,0,0.0
1435,34,81089,5,2,regular,10,0,0,0.0
1436,23,21299,4,3,regular,20,5,0,0.0
1437,40,101791,5,3,loyal,20,10,0,0.0
1438,51,48058,6,7,regular,0,5,0,0.0
1439,34,27497,5,6,regular,10,20,0,0.0
1440,67,53060,7,2,loyal,10,0,0,0.0
1441,58,103576,7,2,new,20,10,0,0.0
1442,44,47424,5,5,regular,10,10,0,0.0
1443,66,73919,4,1,loyal,5,5,1,203.97
1444,40,101187,4,6,loyal,10,10,0,0.0
1445,25,23371,8,7,new,20,5,0,0.0
1446,19,95992,2,5,loyal,5,20,0,0.0
1447,66,48869,6,8,new,5,20,0,0.0
1448,67,89555,7,3,regular,5,10,0,0.0
1449,56,38809,2,1,regular,10,10,0,0.0
1450,23,33900,3,2,regular,5,10,0,0.0
1451,33,98829,5,5,regular,10,0,0,0.0
1452,20,100783,5,8,new,5,5,1,69.43
1453,20,118132,5,2,regular,5,5,1,281.62
1454,30,87717,6,3,new,10,0,1,86.98
1455,47,66587,8,1,regular,0,20,1,493.89
1456,21,39483,4,4,regular,5,10,0,0.0
1457,69,49521,2,6,regular,5,5,0,0.0
1458,41,84809,4,2,regular,20,0,0,0.0
1459,31,54610,2,5,regular,10,20,0,0.0
1460,44,68351,3,5,new,20,10,1,170.42
1461,59,36806,3,0,loyal,5,20,1,424.16
1462,34,63935,3,4,regular,5,0,0,0.0
1463,20,43797,3,3,new,5,20,0,0.0
1464,20,31212,6,3,new,20,0,0,0.0
1465,62,33194,5,1,loyal,10,20,1,257.33
1466,23,71830,8,1,regular,5,10,0,0.0
1467,51,56642,10,2,new,10,20,1,490.75
1468,37,29993,8,4,loyal,0,20,1,398.39
1469,58,71429,5,6,regular,5,20,1,110.36
1470,21,36425,6,2,regular,20,10,0,0.0
1471,64,21544,6,0,new,5,0,0,0.0
1472,54,33254,7,10,regular,5,10,0,0.0
1473,41,64852,6,3,regular,5,10,1,254.74
1474,28,115410,6,3,new,0,20,1,420.68
1475,68,44167,5,6,loyal,5,20,1,263.94
1476,33,48486,5,10,new,0,5,0,0.0
1477,43,44265,3,6,new,10,5,0,0.0
1478,38,55520,6,5,regular,10,10,1,497.42
1479,29,91732,10,7,regular,5,0,1,175.1
1480,39,52208,4,3,regular,0,5,0,0.0
1481,25,85756,2,1,new,20,10,0,0.0
1482,18,109825,7,5,new,10,20,0,0.0
1483,33,114618,6,1,loyal,5,10,1,462.83
1484,23,76296,5,3,regular,20,10,1,481.99
1485,39,91323,6,1,regular,10,10,1,98.95
1486,62,111915,4,5,regular,20,5,0,0.0
1487,26,98669,8,5,loyal,10,20,0,0.0
1488,18,49992,4,2,new,20,5,0,0.0
1489,23,33202,5,1,regular,5,0,0,0.0
1490,44,31483,8,4,new,0,10,0,0.0
1491,32,108205,6,5,loyal,20,20,1,196.31
1492,43,75621,5,3,regular,10,5,1,474.99
1493,19,49634,3,4,regular,20,5,0,0.0
1494,35,54553,4,6,regular,20,0,0,0.0
1495,39,48168,9,1,regular,5,20,0,0.0
1496,40,100190,8,6,regular,0,10,0,0.0
1497,46,81240,7,6,regular,0,0,1,400.42
1498,58,107942,3,8,regular,20,10,1,206.77
1499,42,50177,11,6,new,10,5,0,0.0
1500,61,67257,8,3,loyal,10,0,0,0.0
1501,45,32173,3,3,new,20,10,0,0.0
1502,31,117135,8,2,regular,20,5,0,0.0
1503,29,71186,7,0,loyal,20,0,0,0.0
1504,34,75301,1,8,regular,5,10,0,0.0
1505,49,61366,4,6,regular,10,0,0,0.0
1506,30,47092,6,7,regular,0,0,0,0.0
1507,65,114840,8,5,regular,5,0,0,0.0
1508,42,68897,8,3,new,20,20,0,0.0
1509,62,87477,8,4,regular,5,5,0,0.0
1510,53,23731,8,4,loyal,5,10,0,0.0
1511,35,47593,9,6,regular,10,20,0,0.0
1512,29,100400,5,3,loyal,20,5,1,467.39
1513,56,28783,3,0,loyal,10,5,0,0.0
1514,35,30143,4,4,regular,0,20,1,480.7
1515,30,100983,10,7,regular,20,10,0,0.0
1516,66,50874,5,7,regular,5,10,0,0.0
1517,43,47387,4,7,new,5,5,0,0.0
1518,20,76531,3,3,new,10,20,0,0.0
1519,43,39492,4,1,new,10,5,0,0.0
1520,41,24297,5,2,regular,20,20,0,0.0
1521,62,20444,9,6,regular,0,10,0,0.0
1522,55,27931,3,5,new,5,5,0,0.0
1523,27,35853,3,3,new,5,10,0,0.0
1524,25,89611,6,3,regular,10,5,0,0.0
1525,49,49795,11,2,regular,5,20,1,252.98
1526,20,27177,7,2,regular,5,20,0,0.0
1527,34,21442,6,8,new,10,0,0,0.0
1528,25,67708,10,4,regular,0,0,1,175.36
1529,19,104012,8,2,new,5,0,0,0.0
1530,65,53869,5,2,loyal,10,5,0,0.0
1531,22,26385,6,3,loyal,5,10,0,0.0
1532,18,42807,8,5,regular,10,10,0,0.0
1533,66,69936,9,7,new,5,5,1,438.16
1534,27,38877,4,4,new,20,20,0,0.0
1535,60,117847,3,2,new,20,0,0,0.0
1536,19,96341,4,4,regular,0,10,0,0.0
1537,25,54457,6,2,new,20,5,0,0.0
1538,23,115154,6,1,new,0,0,0,0.0
1539,54,52502,5,4,regular,20,20,0,0.0
1540,50,34017,1,4,regular,10,10,0,0.0
1541,42,113828,6,4,new,0,10,0,0.0
1542,30,115968,4,4,new,5,10,0,0.0
1543,22,51265,2,6,new,20,5,1,172.59
1544,47,79476,6,6,new,10,0,1,475.91
1545,29,37329,13,3,new,10,5,0,0.0
1546,48,84166,6,2,regular,0,5,0,0.0
1547,53,89011,3,4,loyal,5,10,0,0.0
1548,62,90992,7,3,new,20,5,0,0.0
1549,43,76873,6,4,new,20,20,0,0.0
1550,18,90411,6,3,new,5,10,1,184.45
1551,32,75504,4,6,new,10,10,0,0.0
1552,62,101981,9,3,loyal,10,10,1,127.54
1553,45,37958,4,3,regular,20,5,1,264.8
1554,50,68346,2,1,regular,0,10,0,0.0
1555,41,61639,2,2,new,0,20,0,0.0
1556,26,73335,6,2,new,0,20,0,0.0
1557,64,34208,2,3,new,10,5,0,0.0
1558,58,52382,3,5,regular,5,10,0,0.0
1559,69,115414,5,3,regular,0,0,0,0.0
1560,62,30525,4,6,new,5,0,0,0.0
1561,33,83530,11,3,new,10,5,1,375.32
1562,31,86464,5,3,loyal,5,10,0,0.0
1563,30,67451,4,2,regular,10,0,0,0.0
1564,65,23360,4,6,new,0,0,0,0.0
1565,46,23435,7,6,regular,20,10,0,0.0
1566,41,47563,3,9,loyal,5,0,0,0.0
1567,68,30251,9,5,regular,5,0,1,349.58
1568,49,29422,2,7,regular,10,10,0,0.0
1569,65,36012,8,3,loyal,20,10,0,0.0
1570,69,39072,3,5,regular,5,10,0,0.0
1571,22,103847,6,3,loyal,5,10,0,0.0
1572,36,83873,5,0,regular,5,20,1,407.4
1573,56,23040,4,6,new,10,20,1,226.66
1574,60,82847,8,7,regular,10,10,0,0.0
1575,25,33670,4,3,new,20,10,0,0.0
1576,34,62105,6,4,new,0,10,0,0.0
1577,46,23804,4,5,regular,10,5,1,78.5
1578,59,29017,1,4,regular,0,0,0,0.0
1579,23,33259,4,3,new,10,10,0,0.0
1580,49,63337,7,4,loyal,5,20,0,0.0
1581,33,66308,7,2,new,0,10,0,0.0
1582,29,55274,6,4,new,0,5,1,270.11
1583,44,82016,6,3,regular,20,10,1,134.26
1584,39,92045,8,8,regular,10,5,1,315.5
1585,51,92873,3,1,regular,10,20,0,0.0
1586,34,77902,7,4,regular,10,10,0,0.0
1587,60,74555,3,4,loyal,0,5,1,87.64
1588,22,69156,10,2,regular,0,20,0,0.0
1589,62,43793,3,2,regular,20,0,0,0.0
1590,19,68698,1,0,regular,5,5,1,284.78
1591,56,21009,5,5,loyal,20,0,0,0.0
1592,36,116629,8,4,regular,0,10,0,0.0
1593,37,57009,6,4,new,10,10,0,0.0
1594,18,95629,4,5,regular,20,10,0,0.0
1595,54,115670,4,7,regular,5,20,1,288.23
1596,26,69697,10,2,regular,5,0,0,0.0
1597,52,106182,3,4,new,10,0,0,0.0
1598,55,67922,12,4,loyal,5,5,1,469.96
1599,61,33228,4,2,regular,5,0,0,0.0
1600,54,22647,5,4,loyal,20,0,1,413.15
1601,33,33562,8,2,loyal,10,0,0,0.0
1602,56,114250,3,3,new,0,0,0,0.0
1603,60,67510,9,1,regular,5,20,1,121.63
1604,34,51917,7,2,regular,0,0,0,0.0
1605,24,64606,2,4,regular,5,0,1,353.72
1606,64,45593,7,2,regular,20,5,0,0.0
1607,25,107055,2,5,new,10,10,0,0.0
1608,48,119940,4,5,regular,10,10,0,0.0
1609,30,28491,6,4,new,5,20,0,0.0
1610,24,91868,12,2,loyal,5,0,0,0.0
1611,58,53560,6,3,regular,10,20,0,0.0
1612,25,24736,4,9,regular,0,5,1,487.24
1613,52,112221,1,5,new,20,20,1,498.92
1614,54,26188,5,3,new,20,10,0,0.0
1615,21,40590,3,4,new,20,5,1,427.02
1616,26,22550,3,8,new,0,0,0,0.0
1617,59,67128,6,2,regular,5,0,0,0.0
1618,44,79961,5,1,regular,5,5,1,351.37
1619,24,52067,8,7,loyal,20,0,0,0.0
1620,69,27156,9,3,regular,0,10,1,277.09
1621,31,31615,6,3,regular,20,10,0,0.0
1622,18,113338,5,6,new,5,10,0,0.0
1623,66,100591,3,5,loyal,20,20,1,369.41
1624,18,113690,6,9,regular,0,5,0,0.0
1625,46,73080,3,2,regular,10,0,0,0.0
1626,69,74605,6,4,regular,0,5,1,426.18
1627,48,98599,10,2,new,5,5,0,0.0
1628,48,81663,4,2,regular,10,20,0,0.0
1629,38,63644,4,4,loyal,20,10,0,0.0
1630,24,49189,1,2,regular,10,20,0,0.0
1631,47,68550,3,2,regular,5,5,0,0.0
1632,64,26397,5,6,regular,0,5,0,0.0
1633,22,39244,4,1,new,5,20,0,0.0
1634,63,93746,6,2,new,0,10,0,0.0
1635,39,106805,7,5,loyal,0,0,1,232.56
1636,45,30178,3,3,regular,20,10,0,0.0
1637,26,29690,1,3,new,20,0,0,0.0
1638,50,28555,3,5,regular,5,0,0,0.0
1639,27,99157,7,5,regular,5,0,1,328.64
1640,32,51122,4,5,regular,10,0,0,0.0
1641,55,52676,2,4,new,0,5,0,0.0
1642,20,21246,1,4,regular,5,0,0,0.0
1643,41,117259,9,2,loyal,5,10,1,193.4
1644,48,63403,2,3,new,10,0,1,485.66
1645,24,99744,3,6,regular,5,0,0,0.0
1646,33,90768,8,3,regular,5,0,0,0.0
1647,35,34177,3,3,new,0,5,0,0.0
1648,52,100134,4,1,loyal,5,0,1,298.5
1649,68,75030,4,1,regular,5,10,0,0.0
1650,61,80430,6,2,regular,10,5,1,401.89
1651,27,40031,6,8,new,20,20,0,0.0
1652,18,104687,3,6,new,0,10,1,211.83
1653,20,113166,5,5,loyal,0,5,1,125.87
1654,48,60650,3,1,new,0,5,0,0.0
1655,26,29247,3,3,regular,0,0,0,0.0
1656,30,104877,6,3,regular,5,10,0,0.0
1657,62,108739,8,4,new,20,10,0,0.0
1658,63,70647,4,3,regular,5,5,0,0.0
1659,61,77914,3,3,regular,10,5,1,330.29
1660,31,42303,9,1,loyal,20,10,1,150.72
1661,50,26747,5,4,new,0,10,0,0.0
1662,49,114414,10,3,new,0,5,1,119.49
1663,27,68295,5,3,new,10,20,1,231.8
1664,46,47497,4,3,regular,0,5,0,0.0
1665,45,89323,6,3,loyal,20,5,1,438.79
1666,38,22620,6,7,regular,0,20,0,0.0
1667,57,27994,5,4,new,10,10,0,0.0
1668,53,44267,9,3,new,20,5,1,389.39
1669,45,65064,2,7,regular,20,10,0,0.0
1670,55,56668,4,6,new,20,5,0,0.0
1671,57,38734,5,2,new,10,0,0,0.0
1672,47,55134,12,5,regular,20,0,0,0.0
1673,31,53391,7,4,regular,10,20,1,270.77
1674,57,72466,2,3,new,20,20,0,0.0
1675,55,76274,8,3,regular,20,20,0,0.0
1676,69,108312,6,1,regular,20,5,0,0.0
1677,25,100677,5,2,regular,10,5,0,0.0
1678,39,49233,9,0,new,20,10,0,0.0
1679,66,110266,3,9,regular,20,5,0,0.0
1680,44,72077,6,4,regular,5,10,0,0.0
1681,67,38767,2,5,regular,5,5,0,0.0
1682,18,54013,5,4,regular,10,20,1,219.82
1683,19,94176,5,5,regular,5,20,0,0.0
1684,59,102177,5,8,loyal,0,20,0,0.0
1685,36,57412,3,5,regular,5,20,0,0.0
1686,45,35760,4,1,new,20,0,0,0.0
1687,40,39188,6,5,new,20,20,0,0.0
1688,39,30351,7,3,regular,0,0,0,0.0
1689,66,89873,2,3,new,10,10,1,51.55
1690,22,70299,4,6,regular,10,20,0,0.0
1691,58,65118,5,5,regular,20,20,0,0.0
1692,64,87188,4,2,regular,5,5,0,0.0
1693,52,102866,8,3,loyal,20,10,0,0.0
1694,38,99552,3,10,loyal,10,20,1,409.18
1695,26,33714,6,2,regular,0,0,1,454.93
1696,53,78962,3,2,regular,20,5,0,0.0
1697,42,108251,9,5,new,20,0,1,424.65
1698,25,97384,6,4,loyal,10,5,1,131.15
1699,36,52941,6,1,new,0,20,0,0.0
1700,68,59271,6,4,regular,20,0,1,464.18
1701,31,109019,5,1,regular,0,10,0,0.0
1702,27,23286,8,5,regular,5,20,0,0.0
1703,53,72541,5,7,new,5,20,1,92.72
1704,28,31609,3,2,regular,10,0,0,0.0
1705,65,109458,4,3,regular,0,20,1,453.18
1706,62,23872,2,4,new,20,10,0,0.0
1707,69,22339,2,2,loyal,5,20,0,0.0
1708,65,52894,3,5,regular,10,10,1,93.13
1709,30,40016,8,4,regular,0,20,1,342.71
1710,29,69549,5,5,regular,10,5,0,0.0
1711,35,49956,7,2,new,0,0,0,0.0
1712,42,55631,2,3,new,5,5,1,194.27
1713,63,76492,4,4,regular,10,10,0,0.0
1714,56,76059,6,4,new,20,0,0,0.0
1715,51,113493,6,4,loyal,20,0,0,0.0
1716,63,68060,4,3,new,5,0,0,0.0
1717,51,76423,3,7,new,5,20,0,0.0
1718,37,87794,5,1,loyal,0,20,1,439.59
1719,39,37423,2,5,regular,20,20,1,414.1
1720,44,86696,7,5,loyal,0,5,0,0.0
1721,22,106191,6,2,new,0,10,0,0.0
1722,56,51806,5,3,new,5,0,0,0.0
1723,51,37834,10,1,regular,5,10,0,0.0
1724,56,54621,3,5,loyal,5,5,0,0.0
1725,45,47503,5,6,regular,5,5,0,0.0
1726,58,78514,6,2,loyal,20,10,0,0.0
1727,67,106373,4,13,regular,5,5,1,416.84
1728,47,79643,7,5,regular,10,10,1,174.34
1729,41,32551,4,4,regular,10,20,0,0.0
1730,23,51469,5,2,new,20,0,1,173.3
1731,58,88931,6,2,regular,20,20,0,0.0
1732,65,53031,3,6,new,10,5,0,0.0
1733,54,78639,3,6,regular,20,10,0,0.0
1734,63,89404,4,3,new,20,10,1,400.78
1735,62,52916,8,4,regular,20,20,0,0.0
1736,59,84741,8,3,loyal,0,20,0,0.0
1737,44,59811,6,4,new,5,0,0,0.0
1738,23,33505,6,3,regular,10,10,1,458.84
1739,18,57218,4,3,regular,20,20,1,413.38
1740,28,64104,2,4,new,0,0,0,0.0
1741,40,20238,5,4,regular,20,10,1,387.92
1742,56,109270,4,3,new,0,20,0,0.0
1743,41,72788,3,3,regular,0,5,0,0.0
1744,19,23630,3,0,loyal,0,5,1,98.9
1745,28,106799,5,6,regular,10,5,0,0.0
1746,68,105516,5,4,regular,10,10,0,0.0
1747,69,21204,8,6,regular,20,0,0,0.0
1748,37,36317,4,6,loyal,10,0,1,86.63
1749,59,56379,4,3,regular,0,0,0,0.0
1750,55,70724,4,4,new,5,20,0,0.0
1751,66,92576,8,6,new,5,20,1,183.8
1752,64,62433,4,4,new,20,5,0,0.0
1753,50,81171,7,5,new,10,10,1,496.5
1754,38,21012,9,6,regular,20,10,1,239.93
1755,50,85853,4,1,regular,20,0,1,416.53
1756,34,111539,8,5,regular,20,5,0,0.0
1757,36,72620,7,3,new,5,5,0,0.0
1758,49,65492,3,3,loyal,10,5,1,72.86
1759,47,49711,4,5,new,20,10,0,0.0
1760,48,115426,4,6,regular,10,0,0,0.0
1761,38,23320,3,8,regular,5,0,0,0.0
1762,39,48674,3,2,regular,5,20,1,103.08
1763,18,33870,3,3,new,20,0,0,0.0
1764,49,106627,4,7,regular,5,5,1,263.74
1765,47,68260,4,3,loyal,5,10,0,0.0
1766,66,112238,5,3,loyal,0,5,0,0.0
1767,44,86515,4,8,new,10,5,0,0.0
1768,42,75683,7,3,regular,20,0,0,0.0
1769,21,71747,7,3,regular,20,5,0,0.0
1770,28,40267,2,6,new,10,0,0,0.0
1771,35,76204,5,2,regular,5,0,1,343.34
1772,37,88524,4,0,loyal,5,5,0,0.0
1773,36,116534,9,5,new,5,10,1,135.61
1774,38,74897,6,5,new,0,0,0,0.0
1775,57,113883,5,3,regular,10,0,0,0.0
1776,24,114452,4,1,regular,5,10,0,0.0
1777,35,72255,5,6,regular,20,10,0,0.0
1778,26,63927,3,4,regular,0,0,1,127.72
1779,34,34270,5,3,regular,0,0,0,0.0
1780,53,46851,6,1,new,20,10,0,0.0
1781,20,107909,3,4,new,0,20,1,196.86
1782,35,33828,6,4,regular,10,10,0,0.0
1783,19,59705,4,4,new,5,0,0,0.0
1784,67,89863,9,2,loyal,10,5,0,0.0
1785,55,44062,6,5,regular,20,20,0,0.0
1786,30,117410,5,4,new,10,0,0,0.0
1787,28,84948,5,3,regular,5,0,1,144.63
1788,23,22834,6,5,regular,20,20,0,0.0
1789,42,44717,6,5,loyal,5,10,1,89.54
1790,57,94044,1,4,new,0,20,0,0.0
1791,48,106319,4,2,regular,10,5,0,0.0
1792,63,112693,4,4,new,10,10,0,0.0
1793,35,105117,3,3,regular,0,5,1,59.85
1794,32,27478,4,5,regular,10,10,0,0.0
1795,42,92968,8,3,new,0,10,0,0.0
1796,28,31017,3,3,regular,20,0,0,0.0
1797,68,27655,8,3,regular,0,20,1,126.68
1798,27,89195,3,4,loyal,5,5,0,0.0
1799,42,67816,5,2,new,5,5,0,0.0
1800,45,84796,3,5,new,5,0,1,301.74
1801,20,105148,7,6,regular,5,5,0,0.0
1802,42,26882,4,4,regular,0,0,0,0.0
1803,41,72753,8,4,regular,20,20,0,0.0
1804,31,103442,6,5,regular,20,5,0,0.0
1805,24,64029,6,6,new,0,0,0,0.0
1806,20,72342,7,5,regular,5,5,0,0.0
1807,18,69785,4,2,new,5,10,0,0.0
1808,43,110719,9,8,regular,0,10,0,0.0
1809,22,24989,6,2,regular,5,10,0,0.0
1810,67,107799,5,3,loyal,20,20,1,318.49
1811,30,101638,4,6,regular,10,20,1,365.99
1812,51,101250,6,3,regular,20,5,0,0.0
1813,53,61228,6,5,regular,5,10,0,0.0
1814,43,71589,4,4,regular,10,0,0,0.0
1815,63,56898,2,6,regular,20,0,0,0.0
1816,23,45171,7,5,regular,5,0,0,0.0
1817,30,107543,3,2,new,20,5,1,65.0
1818,31,70597,2,4,regular,5,5,0,0.0
1819,25,92334,6,9,regular,5,20,0,0.0
1820,33,30081,3,5,regular,0,5,0,0.0
1821,34,98892,4,1,loyal,20,5,0,0.0
1822,57,85884,6,1,regular,0,10,1,172.64
1823,33,119761,7,4,new,0,0,0,0.0
1824,63,33397,3,3,new,5,20,0,0.0
1825,58,74004,7,2,new,0,5,0,0.0
1826,64,71117,3,7,new,20,20,1,374.36
1827,23,73839,2,7,new,10,10,0,0.0
1828,69,25438,4,0,loyal,0,10,1,368.58
1829,49,67312,6,4,regular,20,20,0,0.0
1830,69,49951,5,5,loyal,10,0,0,0.0
1831,36,81735,6,1,regular,10,10,1,432.06
1832,67,43208,5,4,regular,5,0,0,0.0
1833,48,63505,15,2,regular,20,20,1,449.47
1834,21,82003,4,5,regular,0,5,1,360.26
1835,39,26404,4,5,regular,20,5,0,0.0
1836,25,98678,8,8,regular,5,10,1,295.9
1837,66,91573,9,4,loyal,0,5,0,0.0
1838,33,25730,6,5,regular,0,20,1,194.47
1839,29,26473,1,3,regular,0,5,0,0.0
1840,46,105028,5,5,regular,0,10,0,0.0
1841,40,48333,2,0,regular,10,0,0,0.0
1842,23,106076,7,3,regular,5,20,0,0.0
1843,60,69925,5,7,loyal,10,0,0,0.0
1844,61,54226,4,4,regular,0,0,1,146.5
1845,56,47356,6,7,regular,20,20,0,0.0
1846,50,85900,8,3,regular,5,10,0,0.0
1847,38,30972,7,1,regular,10,0,0,0.0
1848,46,60261,6,4,new,0,5,0,0.0
1849,45,54585,3,5,regular,5,5,0,0.0
1850,26,35419,6,5,loyal,0,10,0,0.0
1851,22,55282,5,4,regular,5,5,0,0.0
1852,31,72866,2,4,loyal,20,0,1,373.65
1853,41,87756,3,3,loyal,5,5,0,0.0
1854,26,28635,7,1,regular,20,10,0,0.0
1855,23,107239,3,4,regular,0,5,1,297.79
1856,62,107847,6,4,regular,5,20,0,0.0
1857,37,89197,5,3,loyal,0,10,0,0.0
1858,48,112428,5,2,regular,20,5,0,0.0
1859,45,62794,5,4,new,20,10,0,0.0
1860,56,102161,5,1,new,5,20,0,0.0
1861,56,92726,3,4,regular,10,20,1,198.8
1862,33,76252,8,5,regular,10,0,1,492.72
1863,62,37950,3,3,regular,5,5,0,0.0
1864,37,75759,7,2,regular,5,10,0,0.0
1865,61,110134,8,4,regular,20,0,0,0.0
1866,39,118460,4,5,regular,5,5,0,0.0
1867,23,64806,7,7,regular,5,10,0,0.0
1868,57,44790,3,4,regular,5,0,0,0.0
1869,19,94750,5,4,regular,5,0,0,0.0
1870,58,27594,3,5,regular,0,10,0,0.0
1871,20,35109,5,4,regular,0,5,0,0.0
1872,28,76194,8,5,regular,10,0,0,0.0
1873,49,119020,3,5,regular,5,0,0,0.0
1874,66,52878,6,1,regular,0,5,1,190.05
1875,39,64332,4,4,loyal,0,20,0,0.0
1876,24,52233,5,4,regular,20,0,0,0.0
1877,30,64050,4,3,regular,5,5,0,0.0
1878,64,20708,7,2,regular,5,0,0,0.0
1879,55,79472,10,6,regular,5,5,0,0.0
1880,23,79623,5,7,loyal,5,0,0,0.0
1881,38,51556,4,3,new,5,0,0,0.0
1882,31,46403,6,4,new,5,10,0,0.0
1883,27,96160,5,4,new,5,5,0,0.0
1884,62,38785,1,4,regular,20,0,0,0.0
1885,50,24706,4,3,regular,5,0,0,0.0
1886,27,24043,2,4,new,0,5,0,0.0
1887,51,108175,7,4,loyal,5,20,1,449.15
1888,39,56436,4,9,regular,5,0,0,0.0
1889,21,30183,5,6,loyal,10,5,0,0.0
1890,41,107896,6,5,regular,10,0,0,0.0
1891,27,34862,5,5,regular,5,10,0,0.0
1892,30,53667,6,2,loyal,5,0,0,0.0
1893,63,22068,4,0,loyal,10,0,0,0.0
1894,54,87907,8,8,regular,10,5,1,148.5
1895,24,89930,4,4,new,5,10,0,0.0
1896,62,95654,8,5,new,0,20,1,135.84
1897,47,46304,6,3,new,0,10,0,0.0
1898,63,52810,2,4,new,20,0,0,0.0
1899,56,113811,7,6,regular,10,10,0,0.0
1900,35,102164,6,6,regular,20,0,0,0.0
1901,45,23715,3,2,regular,5,10,0,0.0
1902,45,89187,5,6,loyal,0,20,1,332.93
1903,55,101273,7,5,regular,20,0,1,214.69
1904,30,75924,5,5,loyal,10,20,0,0.0
1905,35,83990,6,4,loyal,10,20,0,0.0
1906,30,20099,10,3,regular,0,20,1,466.52
1907,33,23005,4,5,loyal,0,0,0,0.0
1908,26,23509,5,3,loyal,20,10,0,0.0
1909,19,35897,4,3,regular,20,5,0,0.0
1910,66,119086,6,3,regular,0,0,0,0.0
1911,21,83435,4,6,regular,10,0,0,0.0
1912,64,98228,8,3,regular,5,0,0,0.0
1913,18,49558,3,12,loyal,10,5,0,0.0
1914,58,113756,1,3,new,20,0,0,0.0
1915,35,39891,5,3,regular,10,0,0,0.0
1916,44,110230,6,5,loyal,0,5,0,0.0
1917,32,23079,6,6,regular,5,5,0,0.0
1918,43,22044,6,6,new,20,5,1,397.4
1919,41,27889,2,4,regular,0,10,0,0.0
1920,45,99184,5,3,new,10,0,1,194.71
1921,38,45749,3,1,regular,5,5,0,0.0
1922,45,65114,6,3,loyal,5,0,0,0.0
1923,60,67131,2,4,regular,0,0,0,0.0
1924,40,98955,5,3,loyal,0,20,1,496.13
1925,36,54873,8,4,new,5,10,0,0.0
1926,24,20671,5,4,regular,10,0,0,0.0
1927,36,58647,2,4,regular,0,0,0,0.0
1928,24,48819,4,6,new,10,0,0,0.0
1929,27,93087,5,1,loyal,20,20,0,0.0
1930,67,95132,9,3,new,5,0,1,439.44
1931,22,29195,4,4,loyal,10,0,0,0.0
1932,43,99302,1,5,new,5,10,0,0.0
1933,61,27049,1,7,loyal,0,5,0,0.0
1934,67,81971,6,7,loyal,10,0,1,272.03
1935,25,58928,6,3,loyal,0,5,0,0.0
1936,26,50125,6,4,regular,5,5,1,145.98
1937,37,68318,5,4,regular,5,0,0,0.0
1938,46,51036,6,5,regular,10,5,0,0.0
1939,67,99386,6,6,regular,0,20,0,0.0
1940,28,116676,7,7,new,5,20,1,193.09
1941,26,101579,7,4,new,0,10,1,334.59
1942,31,63921,5,4,regular,20,0,0,0.0
1943,63,70328,4,4,regular,10,20,0,0.0
1944,19,64712,4,4,regular,10,5,0,0.0
1945,37,99354,5,2,regular,20,0,0,0.0
1946,24,75233,3,6,regular,0,10,0,0.0
1947,26,66812,5,5,regular,10,0,1,86.51
1948,65,60950,7,6,loyal,20,10,0,0.0
1949,18,57504,13,6,new,5,10,0,0.0
1950,34,75267,5,3,regular,20,10,0,0.0
1951,65,88899,6,4,new,20,5,0,0.0
1952,49,63233,5,4,new,20,5,0,0.0
1953,21,100666,5,6,regular,0,0,1,136.64
1954,42,102671,9,6,regular,5,20,1,161.99
1955,68,62907,2,7,regular,20,10,0,0.0
1956,38,110905,4,2,loyal,5,0,0,0.0
1957,45,37304,7,3,regular,10,20,0,0.0
1958,45,113211,6,4,regular,0,20,0,0.0
1959,52,49410,4,4,new,10,20,0,0.0
1960,27,76429,11,5,new,20,0,0,0.0
1961,61,48358,4,2,new,5,10,0,0.0
1962,69,64214,2,1,new,10,0,0,0.0
1963,25,54006,7,4,regular,0,20,1,184.54
1964,60,90524,6,5,regular,5,0,0,0.0
1965,60,28118,4,8,new,0,20,1,278.72
1966,56,103832,4,5,new,0,10,0,0.0
1967,37,110384,5,1,new,5,20,0,0.0
1968,42,76298,4,4,new,20,10,0,0.0
1969,61,74727,4,4,new,0,0,0,0.0
1970,25,89998,7,8,new,5,0,1,79.77
1971,61,39907,3,4,regular,0,20,1,466.13
1972,65,94972,3,5,regular,10,20,1,197.47
1973,53,41867,5,4,regular,10,5,1,454.17
1974,35,87639,3,0,new,0,20,1,475.27
1975,47,50557,6,5,regular,0,5,0,0.0
1976,20,94613,6,2,regular,0,5,1,239.92
1977,66,99105,7,5,regular,0,5,1,192.11
1978,35,40864,1,6,new,5,0,0,0.0
1979,20,81743,5,2,loyal,5,5,0,0.0
1980,59,69837,4,5,new,5,10,0,0.0
1981,52,49404,5,3,loyal,20,0,0,0.0
1982,50,78826,6,3,regular,0,10,0,0.0
1983,20,119266,11,4,new,5,10,0,0.0
1984,57,20247,4,3,new,5,0,1,288.04
1985,51,115687,8,6,new,20,10,1,91.21
1986,59,105596,6,6,regular,0,0,0,0.0
1987,61,72937,5,3,loyal,10,10,1,239.11
1988,29,81002,2,3,loyal,20,5,1,381.23
1989,28,56919,5,3,loyal,20,5,0,0.0
1990,66,32913,4,4,regular,10,20,0,0.0
1991,45,77147,5,2,regular,10,20,0,0.0
1992,40,101635,5,7,regular,0,0,1,310.86
1993,32,43110,3,5,new,10,10,0,0.0
1994,51,91705,5,3,regular,0,5,1,340.94
1995,57,94805,3,5,new,5,20,1,90.83
1996,18,95829,2,5,regular,5,20,1,455.81
1997,46,54000,2,4,regular,20,20,1,267.04
1998,69,59204,5,5,new,5,10,1,352.83
1999,32,61621,4,5,new,0,20,1,165.5
2000,32,105420,4,2,new,10,10,1,375.42
2001,63,110044,5,5,regular,10,10,0,0.0
2002,21,61402,5,4,regular,20,5,0,0.0
2003,38,116997,9,4,regular,10,10,1,408.8
2004,41,77050,2,5,regular,10,20,1,230.09
2005,59,58505,3,3,new,0,10,0,0.0
2006,24,20064,3,1,regular,5,10,0,0.0
2007,40,81107,8,5,new,0,5,0,0.0
2008,25,84487,4,5,regular,0,0,1,177.4
2009,58,116838,7,5,regular,20,5,0,0.0
2010,50,91817,6,5,new,0,0,0,0.0
2011,43,22967,1,0,regular,5,20,0,0.0
2012,38,76710,4,7,new,0,10,0,0.0
2013,25,94277,4,4,regular,5,10,1,363.18
2014,65,69655,8,5,regular,5,5,0,0.0
2015,51,62935,4,4,new,10,10,0,0.0
2016,34,100993,5,3,regular,0,0,0,0.0
2017,39,81137,3,2,new,0,20,0,0.0
2018,55,88137,6,4,new,5,10,1,324.84
2019,55,66410,3,1,regular,0,5,0,0.0
2020,41,47807,10,4,new,0,20,1,256.94
2021,33,71909,5,6,new,10,10,0,0.0
2022,52,115907,5,4,new,20,5,0,0.0
2023,52,80267,5,4,regular,0,10,1,411.19
2024,49,90726,4,4,loyal,0,5,0,0.0
2025,21,32413,4,4,loyal,20,5,0,0.0
2026,42,118793,4,4,loyal,10,0,0,0.0
2027,49,44470,4,2,regular,5,0,1,131.77
2028,67,117126,5,3,regular,20,10,1,304.2
2029,45,64576,8,7,regular,10,10,0,0.0
2030,35,111890,5,8,loyal,20,0,1,98.58
2031,46,109181,7,3,regular,5,5,0,0.0
2032,27,95537,7,5,regular,20,10,1,330.32
2033,22,111640,1,5,regular,5,0,0,0.0
2034,53,80942,5,2,loyal,10,20,0,0.0
2035,69,104877,6,0,new,0,5,0,0.0
2036,61,37217,7,7,new,0,5,0,0.0
2037,48,27028,4,1,regular,0,10,0,0.0
2038,20,74335,3,2,regular,5,10,1,417.98
2039,69,100984,6,8,regular,0,5,0,0.0
2040,41,96537,2,3,new,5,0,0,0.0
2041,33,72789,2,2,loyal,5,10,0,0.0
2042,64,72085,7,4,regular,10,5,1,307.34
2043,56,80984,2,3,loyal,0,0,0,0.0
2044,56,106823,4,5,loyal,5,5,0,0.0
2045,32,104181,6,3,loyal,20,0,0,0.0
2046,69,30965,9,6,regular,0,10,0,0.0
2047,41,79574,3,4,regular,20,10,0,0.0
2048,45,58094,6,5,regular,0,5,1,294.82
2049,57,99941,2,4,regular,20,5,0,0.0
2050,52,70596,3,5,regular,5,10,0,0.0
2051,26,119134,7,2,regular,10,20,1,78.75
2052,33,63232,1,4,new,20,10,0,0.0
2053,36,87911,4,3,regular,20,20,1,436.44
2054,67,30858,4,6,new,10,0,0,0.0
2055,55,113236,6,1,regular,0,5,1,129.24
2056,37,35352,3,2,regular,5,20,0,0.0
2057,56,57837,3,4,new,20,0,0,0.0
2058,56,103761,9,4,regular,20,10,1,284.89
2059,38,116741,5,3,loyal,5,0,1,313.96
2060,38,68438,7,2,new,10,20,0,0.0
2061,64,68472,2,4,loyal,5,5,0,0.0
2062,47,24872,6,5,new,20,20,1,357.8
2063,25,117887,8,5,regular,20,20,1,335.47
2064,55,21649,4,6,loyal,20,20,0,0.0
2065,48,22608,4,2,new,20,5,0,0.0
2066,44,67347,4,6,loyal,10,0,0,0.0
2067,55,20363,3,7,regular,20,20,1,161.93
2068,65,36437,5,6,loyal,20,5,0,0.0
2069,35,82771,3,3,new,5,10,0,0.0
2070,39,90512,7,2,new,5,5,0,0.0
2071,27,49817,1,4,regular,5,20,0,0.0
2072,51,99532,5,3,regular,20,20,1,87.63
2073,38,80771,5,2,loyal,20,10,0,0.0
2074,35,42829,5,3,regular,0,10,1,210.55
2075,54,91244,9,5,new,5,0,1,323.39
2076,39,79217,2,1,regular,20,10,0,0.0
2077,42,101211,4,4,regular,0,5,0,0.0
2078,40,35444,6,9,regular,10,5,0,0.0
2079,31,43085,4,2,regular,20,10,1,168.93
2080,24,50358,5,0,regular,5,0,0,0.0
2081,61,54141,5,6,regular,0,20,0,0.0
2082,22,108879,5,4,new,10,5,0,0.0
2083,34,93254,8,4,new,20,5,0,0.0
2084,52,74409,6,4,regular,0,10,1,101.72
2085,24,74045,5,0,regular,20,0,1,202.85
2086,52,108588,5,4,regular,10,5,0,0.0
2087,56,64679,4,2,new,0,0,0,0.0
2088,52,42524,3,4,regular,20,0,0,0.0
2089,33,33689,3,3,new,10,10,0,0.0
2090,19,53002,6,5,regular,5,0,0,0.0
2091,64,85329,4,3,new,5,0,1,366.17
2092,34,67095,6,5,regular,10,20,1,122.65
2093,59,62178,5,4,regular,5,10,0,0.0
2094,28,68008,4,6,regular,10,0,0,0.0
2095,26,117487,3,4,new,20,20,1,490.11
2096,58,119764,5,8,loyal,20,20,1,452.33
2097,66,36129,4,5,new,20,5,1,111.68
2098,62,31444,3,3,regular,20,0,1,479.21
2099,57,44430,3,2,regular,10,10,0,0.0
2100,30,105196,7,6,loyal,0,5,1,63.4
2101,65,65951,5,1,loyal,0,0,0,0.0
2102,52,106368,10,6,new,5,5,1,188.27
2103,26,84675,7,3,loyal,5,5,0,0.0
2104,24,75319,5,4,new,0,5,0,0.0
2105,63,48151,5,5,regular,20,5,0,0.0
2106,32,54403,2,5,new,5,0,1,355.03
2107,57,34771,4,3,regular,20,5,1,126.24
2108,25,71922,6,1,regular,0,20,0,0.0
2109,32,48037,7,4,loyal,0,20,0,0.0
2110,32,49246,7,4,regular,5,20,0,0.0
2111,32,23954,2,12,regular,5,5,0,0.0
2112,53,99910,3,2,loyal,20,20,0,0.0
2113,65,113926,8,3,regular,10,0,0,0.0
2114,65,69827,9,3,loyal,10,0,0,0.0
2115,56,73603,6,1,regular,10,20,0,0.0
2116,28,112584,3,5,new,10,5,0,0.0
2117,67,71148,6,2,regular,10,20,1,353.11
2118,46,82269,6,5,regular,0,5,1,352.06
2119,46,62809,5,3,loyal,5,10,0,0.0
2120,54,71431,8,2,new,0,20,0,0.0
2121,57,72186,5,2,new,20,10,0,0.0
2122,67,91106,5,5,new,0,20,0,0.0
2123,48,80418,7,2,regular,20,20,0,0.0
2124,49,70393,4,5,regular,0,5,1,296.21
2125,56,27584,6,1,new,5,5,1,305.83
2126,31,110450,4,3,loyal,20,10,0,0.0
2127,34,108827,2,6,regular,5,10,0,0.0
2128,50,38444,4,4,loyal,20,20,0,0.0
2129,21,49331,7,6,new,20,0,0,0.0
2130,34,117334,9,4,regular,20,0,0,0.0
2131,55,52106,4,5,regular,10,5,1,292.69
2132,68,101219,7,5,new,20,5,1,291.19
2133,45,98574,4,3,loyal,5,10,0,0.0
2134,38,106073,3,8,loyal,0,0,0,0.0
2135,40,21600,6,6,regular,10,0,0,0.0
2136,53,68290,2,4,loyal,5,20,0,0.0
2137,46,76551,5,5,loyal,0,10,0,0.0
2138,19,103720,6,5,regular,0,5,0,0.0
2139,46,42446,1,3,new,0,10,1,161.61
2140,38,50677,8,7,new,0,0,0,0.0
2141,54,37990,2,4,new,20,5,0,0.0
2142,63,96194,3,4,loyal,0,20,0,0.0
2143,68,119887,3,3,regular,10,0,0,0.0
2144,49,34045,6,3,loyal,10,20,0,0.0
2145,36,43311,6,3,regular,5,0,1,271.45
2146,41,50705,7,7,loyal,5,10,0,0.0
2147,27,108903,10,7,new,5,20,0,0.0
2148,66,64573,8,6,regular,20,20,0,0.0
2149,62,48193,6,4,new,20,0,1,365.64
2150,62,52231,5,8,regular,0,0,0,0.0
2151,35,79811,3,5,regular,10,5,1,197.9
2152,34,58701,5,3,regular,10,20,1,186.4
2153,62,34040,6,5,regular,20,0,1,258.97
2154,46,102010,12,4,new,10,20,0,0.0
2155,54,62223,4,6,regular,5,10,0,0.0
2156,43,45667,11,2,regular,10,10,1,343.61
2157,41,92843,2,1,regular,10,10,0,0.0
2158,50,94528,1,4,regular,5,5,1,148.07
2159,60,35503,3,5,new,10,5,0,0.0
2160,35,27371,5,4,regular,0,5,1,245.54
2161,60,24541,8,6,new,20,0,0,0.0
2162,30,96573,4,5,loyal,5,10,0,0.0
2163,38,82574,9,6,regular,5,10,0,0.0
2164,65,99202,7,8,loyal,0,5,1,193.41
2165,67,82640,2,3,regular,0,20,1,385.34
2166,66,60169,7,5,new,5,0,0,0.0
2167,34,78955,3,2,regular,0,20,0,0.0
2168,61,92247,5,4,regular,0,20,0,0.0
2169,66,59884,2,4,regular,10,0,0,0.0
2170,68,111513,4,4,regular,10,20,0,0.0
2171,19,109960,7,5,regular,5,0,0,0.0
2172,56,100071,8,11,regular,20,5,1,243.76
2173,69,119226,9,3,regular,20,10,0,0.0
2174,57,59044,6,4,new,0,0,0,0.0
2175,30,31410,6,1,regular,10,0,0,0.0
2176,57,68421,3,4,regular,5,0,0,0.0
2177,23,94588,8,5,regular,5,0,0,0.0
2178,42,97935,5,3,new,5,10,0,0.0
2179,50,58851,5,8,loyal,20,10,1,263.05
2180,41,49259,3,4,loyal,0,10,0,0.0
2181,54,64547,4,7,new,0,10,0,0.0
2182,30,100388,6,2,loyal,5,5,1,425.01
2183,49,26059,8,6,loyal,20,5,0,0.0
2184,51,52807,8,2,regular,20,20,1,396.83
2185,50,42988,3,5,loyal,5,0,0,0.0
2186,33,100599,9,4,regular,5,5,1,220.77
2187,33,66965,4,7,new,5,5,0,0.0
2188,31,28680,5,6,new,5,20,1,407.23
2189,42,46178,5,6,new,10,0,0,0.0
2190,48,24439,3,3,regular,20,10,0,0.0
2191,36,67555,2,8,new,10,5,0,0.0
2192,39,119767,4,6,new,10,10,1,141.17
2193,32,76723,4,4,regular,5,5,0,0.0
2194,29,106945,3,6,regular,5,10,1,385.46
2195,52,94259,6,2,new,0,0,0,0.0
2196,60,108284,5,1,regular,0,20,0,0.0
2197,33,51101,1,5,regular,5,0,0,0.0
2198,62,115127,6,3,regular,20,0,0,0.0
2199,47,43864,3,2,regular,20,5,0,0.0
2200,26,63831,3,3,regular,20,5,0,0.0
2201,37,88127,6,3,new,5,5,0,0.0
2202,18,48683,4,7,regular,10,5,1,93.43
2203,20,46445,8,3,regular,10,0,0,0.0
2204,35,33002,5,3,regular,0,5,1,90.56
2205,41,20420,4,4,new,0,5,1,251.72
2206,59,70120,4,3,loyal,10,20,0,0.0
2207,24,118675,7,5,new,5,0,1,334.07
2208,61,42004,8,4,regular,5,10,1,114.91
2209,30,64015,4,5,regular,20,5,1,154.86
2210,25,113555,6,7,regular,0,0,1,435.69
2211,54,97231,4,9,loyal,0,5,1,57.53
2212,58,20400,3,4,regular,0,20,0,0.0
2213,49,70059,0,4,regular,10,0,0,0.0
2214,24,34319,8,2,loyal,0,0,0,0.0
2215,23,44701,5,7,new,10,20,1,154.38
2216,38,44647,7,3,regular,0,10,0,0.0
2217,41,81247,5,4,regular,10,5,0,0.0
2218,69,39895,6,4,regular,10,10,0,0.0
2219,32,45186,1,3,loyal,20,10,0,0.0
2220,28,42577,3,4,regular,10,20,0,0.0
2221,67,55688,2,5,new,5,5,0,0.0
2222,26,85604,3,7,regular,20,10,0,0.0
2223,19,59996,5,9,regular,0,0,0,0.0
2224,39,52751,6,2,new,20,5,0,0.0
2225,38,71760,7,7,new,20,0,1,399.49
2226,50,81502,2,5,new,20,0,0,0.0
2227,63,21535,9,1,new,10,20,0,0.0
2228,66,109025,3,4,new,0,10,0,0.0
2229,33,111643,6,5,regular,5,0,0,0.0
2230,69,80255,2,0,new,5,0,0,0.0
2231,50,77460,4,0,loyal,5,20,1,251.03
2232,21,89453,7,2,regular,0,10,1,88.57
2233,66,64086,8,4,regular,20,5,0,0.0
2234,25,56550,3,3,new,10,0,0,0.0
2235,48,55269,4,4,new,0,0,1,53.56
2236,59,35973,8,4,new,0,10,1,312.1
2237,30,104116,5,3,regular,20,0,1,422.41
2238,32,52058,4,5,regular,10,5,0,0.0
2239,42,48440,9,4,regular,0,20,0,0.0
2240,64,116428,5,3,regular,5,20,1,83.14
2241,29,70670,5,5,regular,0,5,0,0.0
2242,52,82181,2,2,loyal,10,10,0,0.0
2243,41,44544,6,6,new,0,10,0,0.0
2244,23,47751,7,6,new,10,5,0,0.0
2245,54,92833,8,3,regular,5,10,0,0.0
2246,61,65091,5,4,loyal,5,10,0,0.0
2247,47,34774,3,5,loyal,5,5,0,0.0
2248,27,103551,2,1,regular,20,0,0,0.0
2249,26,60276,5,3,new,5,5,0,0.0
2250,40,86844,8,1,regular,0,20,1,244.67
2251,44,54127,6,7,new,20,0,1,241.39
2252,46,76065,6,6,new,0,0,0,0.0
2253,30,97563,4,1,new,5,10,0,0.0
2254,44,108516,8,7,loyal,10,5,1,381.08
2255,33,40734,6,6,regular,10,20,0,0.0
2256,53,87243,5,8,new,5,0,0,0.0
2257,59,111463,1,4,regular,5,20,0,0.0
2258,51,84272,1,4,loyal,20,10,0,0.0
2259,18,34308,4,6,regular,0,0,0,0.0
2260,69,38976,2,2,new,10,5,0,0.0
2261,19,40280,4,5,loyal,10,0,0,0.0
2262,69,30638,7,2,regular,5,0,0,0.0
2263,19,95373,5,2,regular,20,0,0,0.0
2264,44,116514,5,6,regular,10,10,1,181.08
2265,23,71687,5,1,regular,5,5,0,0.0
2266,22,79885,4,3,new,20,20,0,0.0
2267,53,97370,7,3,new,0,10,1,289.85
2268,55,61568,6,5,regular,0,0,0,0.0
2269,24,67245,8,3,regular,20,20,0,0.0
2270,68,78902,4,5,loyal,0,0,0,0.0
2271,34,50464,8,4,loyal,0,5,0,0.0
2272,34,26181,3,5,regular,20,5,0,0.0
2273,33,76777,6,1,regular,0,5,0,0.0
2274,41,102212,4,2,regular,20,10,0,0.0
2275,27,27322,2,8,new,20,0,0,0.0
2276,40,41664,7,4,regular,20,5,0,0.0
2277,28,46299,5,4,regular,0,20,0,0.0
2278,20,100454,7,1,regular,5,20,1,232.35
2279,37,70459,5,3,regular,0,5,1,253.13
2280,52,73437,6,0,new,20,5,0,0.0
2281,57,84526,5,3,regular,5,10,0,0.0
2282,36,47657,3,2,loyal,5,0,0,0.0
2283,34,91354,3,2,regular,10,20,1,316.77
2284,58,23020,4,2,new,10,0,0,0.0
2285,53,31371,4,11,regular,5,5,0,0.0
2286,61,101583,3,3,loyal,0,5,0,0.0
2287,65,85820,4,5,new,5,0,1,251.2
2288,60,37646,2,6,regular,5,10,1,117.17
2289,66,63875,6,3,regular,10,5,0,0.0
2290,39,25180,6,4,new,20,10,1,129.1
2291,38,87184,2,5,regular,5,5,0,0.0
2292,34,95587,4,2,regular,0,10,1,421.44
2293,30,47839,3,4,regular,0,20,1,315.48
2294,56,55004,9,5,regular,0,0,0,0.0
2295,55,43681,3,2,new,20,0,0,0.0
2296,59,58933,5,8,new,10,5,0,0.0
2297,26,47231,9,5,regular,5,20,1,137.77
2298,43,44706,7,2,new,20,10,0,0.0
2299,29,63020,8,1,regular,20,20,0,0.0
2300,64,105917,3,9,regular,5,10,0,0.0
2301,31,96273,5,3,regular,20,20,0,0.0
2302,25,49732,6,4,loyal,20,10,0,0.0
2303,47,114284,9,4,regular,5,0,1,433.14
2304,63,41019,6,3,loyal,20,5,0,0.0
2305,65,111074,2,6,new,20,10,1,59.09
2306,22,50924,4,3,loyal,10,0,0,0.0
2307,34,74026,3,1,regular,20,5,0,0.0
2308,25,40314,6,3,loyal,5,10,0,0.0
2309,34,96202,5,5,regular,10,5,0,0.0
2310,45,51765,9,2,loyal,10,5,0,0.0
2311,32,107257,3,5,regular,10,5,1,229.93
2312,21,28293,3,2,regular,5,5,0,0.0
2313,44,70200,6,1,new,5,10,0,0.0
2314,20,35853,4,1,regular,0,10,0,0.0
2315,29,108895,5,3,regular,5,20,1,246.79
2316,18,61705,8,2,loyal,0,5,0,0.0
2317,22,87447,5,7,regular,10,10,0,0.0
2318,40,107946,8,10,regular,5,5,0,0.0
2319,62,73563,3,1,loyal,0,10,0,0.0
2320,58,25729,3,3,loyal,5,5,0,0.0
2321,23,42072,7,2,loyal,20,20,0,0.0
2322,19,41267,2,9,new,0,20,0,0.0
2323,35,111418,3,10,loyal,0,0,0,0.0
2324,51,110834,5,5,regular,5,5,1,347.86
2325,56,67695,0,4,loyal,10,20,0,0.0
2326,60,109001,4,0,regular,20,10,0,0.0
2327,35,44601,7,5,regular,20,10,0,0.0
2328,26,87945,3,3,new,0,0,1,110.8
2329,19,59193,7,6,new,5,20,0,0.0
2330,25,44047,5,5,regular,20,10,0,0.0
2331,21,45001,4,5,new,10,0,0,0.0
2332,62,61981,6,3,regular,0,0,0,0.0
2333,31,53965,1,2,new,5,0,0,0.0
2334,60,41122,8,2,new,5,20,0,0.0
2335,46,53414,7,7,new,0,10,0,0.0
2336,46,32858,5,5,new,20,0,0,0.0
2337,41,116967,2,2,new,10,5,1,457.08
2338,60,57999,5,6,regular,0,10,0,0.0
2339,20,30738,13,3,regular,0,0,1,389.3
2340,22,77582,0,3,new,10,10,0,0.0
2341,40,108312,4,9,regular,10,20,0,0.0
2342,38,55993,5,3,regular,20,10,0,0.0
2343,46,104524,5,6,new,20,20,0,0.0
2344,56,81082,5,4,regular,10,0,0,0.0
2345,48,93925,2,4,regular,0,10,0,0.0
2346,31,49625,3,4,new,0,10,1,109.12
2347,35,23693,5,3,loyal,0,5,0,0.0
2348,57,54585,3,3,regular,10,20,0,0.0
2349,28,112445,5,1,loyal,10,5,0,0.0
2350,44,99067,2,3,regular,0,0,1,113.41
2351,46,98416,4,1,regular,5,0,1,100.92
2352,57,107831,8,2,regular,5,0,0,0.0
2353,55,57326,10,7,new,5,0,1,157.44
2354,42,52203,8,2,loyal,0,20,0,0.0
2355,34,112519,4,3,loyal,5,10,1,444.79
2356,37,77151,9,10,regular,20,10,1,497.03
2357,39,49795,5,2,loyal,10,0,1,344.78
2358,29,47816,9,5,new,20,0,0,0.0
2359,50,107727,7,2,regular,20,20,1,286.06
2360,28,25333,7,5,new,0,5,0,0.0
2361,51,26169,0,3,loyal,5,20,0,0.0
2362,57,93785,10,6,regular,10,5,1,448.65
2363,68,20135,3,4,loyal,10,0,1,196.74
2364,24,37100,4,5,new,20,0,0,0.0
2365,57,119063,8,3,regular,20,0,1,57.22
2366,22,62571,9,8,regular,5,5,1,104.78
2367,35,92766,3,2,regular,10,5,1,181.95
2368,27,68704,4,2,new,20,0,0,0.0
2369,26,29057,0,2,regular,10,0,0,0.0
2370,27,38447,6,7,new,0,20,0,0.0
2371,20,96109,6,3,regular,20,10,0,0.0
2372,60,29455,1,3,loyal,0,20,0,0.0
2373,21,79461,3,0,regular,10,10,1,407.29
2374,38,54801,2,5,regular,0,10,0,0.0
2375,54,57029,5,6,new,5,5,0,0.0
2376,69,115228,5,1,new,20,5,0,0.0
2377,62,80593,3,3,new,0,5,1,191.14
2378,25,81513,10,4,loyal,10,20,0,0.0
2379,69,55035,4,5,new,5,0,0,0.0
2380,51,58141,6,0,loyal,0,10,0,0.0
2381,27,88577,5,2,regular,10,20,1,105.27
2382,41,23891,1,6,loyal,5,0,0,0.0
2383,65,43730,1,5,new,20,20,0,0.0
2384,38,80027,7,5,loyal,5,0,0,0.0
2385,27,82353,11,2,loyal,10,20,1,286.23
2386,63,29225,3,3,regular,20,10,0,0.0
2387,67,98782,3,4,loyal,5,5,0,0.0
2388,68,74254,3,6,new,5,20,1,248.16
2389,67,43771,6,3,new,5,0,0,0.0
2390,63,95195,12,9,loyal,0,5,1,371.39
2391,41,119087,4,6,new,20,10,0,0.0
2392,27,62358,6,3,new,0,0,0,0.0
2393,50,48344,5,3,regular,20,0,0,0.0
2394,29,49941,9,2,loyal,10,20,0,0.0
2395,42,79260,6,4,loyal,0,0,0,0.0
2396,52,24738,10,2,new,0,0,0,0.0
2397,67,68342,7,5,regular,0,20,1,183.89
2398,33,22477,6,5,regular,20,0,1,173.79
2399,31,23858,3,7,regular,0,10,0,0.0
2400,56,63002,6,7,new,20,10,0,0.0
2401,18,94551,7,4,new,0,0,0,0.0
2402,47,108334,3,2,regular,10,10,0,0.0
2403,56,28763,5,5,new,10,5,0,0.0
2404,46,44406,4,0,regular,10,5,0,0.0
2405,37,62166,6,3,regular,5,5,1,71.57
2406,61,77405,8,5,regular,0,0,0,0.0
2407,37,118705,5,1,regular,5,10,1,227.16
2408,54,88430,5,4,regular,0,0,0,0.0
2409,42,73836,8,0,regular,20,5,1,55.78
2410,19,26082,4,4,loyal,0,5,0,0.0
2411,45,28081,5,2,regular,10,10,0,0.0
2412,20,35310,7,2,regular,10,10,0,0.0
2413,66,86078,7,3,regular,5,20,1,53.21
2414,49,53127,4,4,regular,0,20,1,288.9
2415,37,44094,5,9,new,10,10,0,0.0
2416,43,87009,3,4,regular,10,10,1,191.87
2417,50,101536,2,1,loyal,5,10,0,0.0
2418,31,63903,3,4,regular,10,5,0,0.0
2419,32,108185,1,3,regular,10,10,0,0.0
2420,39,93419,4,5,regular,20,0,0,0.0
2421,31,91626,10,4,regular,5,0,0,0.0
2422,57,106759,3,5,regular,20,0,1,126.12
2423,23,38380,3,4,new,5,0,1,444.46
2424,60,95837,3,7,new,10,10,1,360.46
2425,36,115773,6,5,loyal,5,0,0,0.0
2426,47,119224,6,5,new,5,5,0,0.0
2427,26,77804,5,3,regular,10,0,0,0.0
2428,38,95436,6,4,regular,20,0,0,0.0
2429,57,108860,5,5,new,5,10,0,0.0
2430,32,105217,0,6,new,0,5,0,0.0
2431,24,109779,5,5,loyal,5,20,0,0.0
2432,45,103236,9,5,regular,0,10,0,0.0
2433,26,58131,3,4,regular,10,0,1,354.63
2434,34,93026,4,3,new,10,0,0,0.0
2435,41,61043,7,2,new,5,20,0,0.0
2436,47,100180,5,2,regular,20,0,0,0.0
2437,51,101024,5,4,loyal,0,10,0,0.0
2438,53,113468,4,6,new,0,10,1,240.6
2439,61,78831,5,1,regular,10,20,0,0.0
2440,21,67520,4,5,regular,20,10,0,0.0
2441,36,36554,6,2,new,0,0,0,0.0
2442,18,83828,4,5,regular,5,0,0,0.0
2443,18,76640,3,6,regular,10,20,0,0.0
2444,29,71493,5,6,regular,10,10,1,221.82
2445,49,87632,3,2,loyal,20,20,1,69.22
2446,64,105103,3,4,regular,10,10,0,0.0
2447,58,34867,8,1,new,20,20,0,0.0
2448,51,63135,3,6,regular,10,0,0,0.0
2449,58,92230,9,5,new,0,0,0,0.0
2450,26,101972,4,3,new,20,10,0,0.0
2451,61,97838,6,4,regular,5,0,0,0.0
2452,64,99935,5,0,new,5,0,0,0.0
2453,22,105503,9,2,regular,10,10,0,0.0
2454,42,116188,2,4,regular,10,20,0,0.0
2455,61,80806,2,6,loyal,10,20,1,315.08
2456,42,44892,1,2,new,10,0,0,0.0
2457,61,76354,3,1,regular,10,10,0,0.0
2458,66,90961,5,3,regular,20,0,0,0.0
2459,42,30070,5,0,loyal,0,20,0,0.0
2460,21,95691,5,5,regular,20,10,0,0.0
2461,35,74421,5,5,loyal,10,20,0,0.0
2462,29,113627,3,2,regular,5,10,0,0.0
2463,42,41182,6,1,new,5,20,1,252.74
2464,48,110690,7,5,regular,0,5,0,0.0
2465,42,64800,5,3,regular,5,20,0,0.0
2466,28,77352,10,5,new,20,20,0,0.0
2467,33,86000,9,2,new,20,0,0,0.0
2468,53,77915,6,3,new,0,5,1,198.0
2469,19,110383,5,4,regular,10,10,0,0.0
2470,29,36729,10,2,regular,5,5,1,473.64
2471,64,92987,5,3,regular,0,10,0,0.0
2472,23,117496,3,5,regular,10,0,1,396.26
2473,39,42011,3,7,loyal,0,0,0,0.0
2474,28,45501,6,3,loyal,0,0,1,134.32
2475,23,67501,5,6,new,5,0,1,498.91
2476,39,92473,7,2,new,20,20,0,0.0
2477,45,115898,3,3,new,0,10,0,0.0
2478,27,99579,4,2,loyal,5,5,0,0.0
2479,22,99401,3,4,new,20,10,0,0.0
2480,25,64121,5,2,regular,5,5,0,0.0
2481,51,84538,6,10,new,5,0,1,362.27
2482,62,41119,5,3,regular,10,20,1,292.3
2483,27,66314,4,5,new,0,0,1,73.64
2484,34,38896,5,0,regular,0,0,1,240.56
2485,35,22712,6,6,regular,5,5,0,0.0
2486,36,105649,3,6,loyal,10,10,1,227.6
2487,30,100472,5,5,loyal,0,5,1,69.59
2488,20,71075,7,6,regular,0,5,0,0.0
2489,45,21449,5,2,new,0,10,0,0.0
2490,36,29013,9,3,new,10,20,1,449.05
2491,35,31176,7,2,new,10,5,1,363.87
2492,31,91701,4,7,regular,5,5,0,0.0
2493,66,40349,5,1,new,0,0,0,0.0
2494,49,45017,3,5,new,20,20,1,295.02
2495,39,106109,7,5,new,10,20,0,0.0
2496,28,107639,2,1,new,0,5,0,0.0
2497,59,96305,4,3,regular,10,20,1,177.6
2498,64,50957,6,4,regular,20,0,0,0.0
2499,19,77993,3,4,new,10,0,0,0.0
2500,66,40027,5,2,loyal,5,10,0,0.0
2501,54,105790,5,7,regular,0,10,0,0.0
2502,23,28485,7,4,new,5,0,0,0.0
2503,57,94440,0,3,loyal,5,10,0,0.0
2504,23,71153,2,4,regular,0,0,0,0.0
2505,20,95747,3,4,regular,20,5,0,0.0
2506,23,65073,4,2,regular,0,5,1,419.46
2507,41,35812,3,1,regular,5,0,1,85.79
2508,50,95131,4,5,loyal,0,5,1,374.11
2509,39,83107,7,3,new,10,10,0,0.0
2510,24,66460,2,1,new,0,10,1,398.55
2511,28,57272,3,3,regular,20,20,1,171.42
2512,62,54381,5,4,loyal,10,10,1,206.95
2513,68,68113,4,2,regular,10,20,1,424.48
2514,57,46165,6,6,loyal,10,20,0,0.0
2515,23,48236,2,5,new,20,5,0,0.0
2516,60,47814,8,5,loyal,0,5,0,0.0
2517,53,21267,4,4,new,10,10,0,0.0
2518,45,112784,2,3,new,0,10,1,61.52
2519,25,43655,3,4,regular,0,10,0,0.0
2520,69,36507,0,3,new,0,20,0,0.0
2521,41,35117,6,1,new,5,10,0,0.0
2522,20,118817,9,2,regular,5,10,1,425.54
2523,28,67674,4,10,regular,0,20,0,0.0
2524,38,52691,3,4,loyal,0,5,1,480.62
2525,21,60389,10,3,loyal,20,0,1,51.79
2526,34,28839,6,4,loyal,0,0,0,0.0
2527,42,51366,4,3,regular,0,0,0,0.0
2528,67,44869,6,3,regular,5,0,0,0.0
2529,22,100321,7,1,loyal,10,5,0,0.0
2530,47,25841,6,5,regular,10,0,0,0.0
2531,65,62544,7,2,regular,10,20,0,0.0
2532,59,99002,9,5,regular,0,10,0,0.0
2533,66,103359,10,8,regular,5,5,0,0.0
2534,26,71255,3,1,new,20,10,0,0.0
2535,59,42252,3,1,new,5,0,1,231.91
2536,68,53698,4,1,new,10,5,0,0.0
2537,34,42229,5,4,new,0,5,0,0.0
2538,43,86204,5,5,regular,20,20,1,437.73
2539,45,49264,5,4,loyal,20,10,0,0.0
2540,43,83064,3,3,regular,5,10,0,0.0
2541,33,85569,3,2,new,0,20,0,0.0
2542,68,113987,4,4,new,5,20,0,0.0
2543,67,57035,7,3,loyal,20,10,0,0.0
2544,37,116126,2,3,regular,20,5,1,462.79
2545,59,60071,9,1,regular,10,5,0,0.0
2546,38,88068,3,2,loyal,10,10,0,0.0
2547,59,86161,7,2,loyal,10,20,1,282.18
2548,48,101781,7,5,new,0,5,0,0.0
2549,42,66911,5,4,regular,0,20,1,489.46
2550,24,99242,4,1,regular,10,20,0,0.0
2551,52,55533,5,4,loyal,5,10,0,0.0
2552,34,69130,6,5,regular,10,5,1,98.95
2553,29,69967,3,4,regular,5,5,0,0.0
2554,28,90445,3,1,regular,20,0,0,0.0
2555,69,81834,2,4,regular,20,5,1,272.71
2556,23,27825,4,3,regular,10,10,0,0.0
2557,59,100906,4,5,new,20,0,1,492.13
2558,63,95802,7,9,regular,10,5,1,487.58
2559,19,30455,7,3,regular,0,20,1,59.17
2560,48,116183,8,7,loyal,5,20,1,66.15
2561,48,86072,5,5,regular,0,0,1,74.01
2562,36,28497,7,2,regular,10,0,0,0.0
2563,52,69139,5,3,regular,10,0,0,0.0
2564,39,103611,9,5,loyal,0,0,0,0.0
2565,40,47982,3,4,regular,5,10,1,268.73
2566,40,113298,8,4,regular,20,0,0,0.0
2567,59,61840,6,5,loyal,20,0,0,0.0
2568,50,42618,5,3,new,10,5,0,0.0
2569,37,55645,9,2,regular,5,20,0,0.0
2570,66,72481,4,7,new,10,20,0,0.0
2571,59,88813,7,2,regular,0,10,0,0.0
2572,66,112785,6,6,loyal,10,20,0,0.0
2573,55,39489,7,4,new,20,20,1,118.69
2574,38,116022,7,7,new,0,20,0,0.0
2575,58,72770,3,2,new,10,20,0,0.0
2576,35,32788,7,4,regular,0,20,0,0.0
2577,32,112646,2,6,new,10,0,0,0.0
2578,41,54900,7,1,regular,10,5,0,0.0
2579,68,82058,5,6,regular,20,5,0,0.0
2580,47,89814,6,2,regular,10,10,1,201.85
2581,37,21340,4,1,loyal,0,5,0,0.0
2582,42,42155,4,6,regular,20,5,1,340.1
2583,33,88645,6,3,new,5,5,0,0.0
2584,52,52477,4,4,loyal,10,10,0,0.0
2585,36,20933,9,6,regular,20,10,0,0.0
2586,46,22329,5,1,loyal,5,20,0,0.0
2587,37,102644,3,5,loyal,0,20,0,0.0
2588,34,35352,3,2,new,10,0,0,0.0
2589,68,30042,3,2,new,5,0,0,0.0
2590,35,76232,3,3,regular,10,5,0,0.0
2591,21,31893,2,6,new,20,20,0,0.0
2592,37,85309,10,6,regular,10,5,0,0.0
2593,45,74409,5,8,loyal,0,0,0,0.0
2594,22,84891,6,6,regular,20,20,0,0.0
2595,33,69160,9,5,regular,5,10,1,357.32
2596,26,97836,6,3,new,10,20,0,0.0
2597,44,84475,4,3,regular,5,5,1,154.88
2598,55,61528,7,5,loyal,20,20,1,243.43
2599,68,21537,4,6,loyal,5,0,0,0.0
2600,38,47349,7,4,new,5,10,0,0.0
2601,62,33143,6,4,new,20,20,0,0.0
2602,29,21558,5,5,loyal,20,20,0,0.0
2603,58,47317,2,3,loyal,0,5,0,0.0
2604,47,40662,9,5,new,0,20,1,233.9
2605,57,27674,6,3,new,20,20,0,0.0
2606,57,51238,10,4,regular,20,0,1,322.73
2607,45,70656,8,2,regular,5,5,0,0.0
2608,31,37820,5,3,regular,5,20,0,0.0
2609,45,47311,2,2,new,10,20,0,0.0
2610,60,22014,2,1,loyal,10,10,0,0.0
2611,68,25040,7,2,new,5,0,0,0.0
2612,66,35744,8,4,new,10,5,0,0.0
2613,27,65292,3,4,regular,5,0,0,0.0
2614,49,86609,7,2,new,5,10,1,410.32
2615,23,98833,6,4,regular,5,0,0,0.0
2616,52,82958,4,4,new,0,5,0,0.0
2617,69,81684,4,4,new,20,0,0,0.0
2618,20,113568,6,3,regular,20,10,0,0.0
2619,52,45564,9,3,regular,10,0,0,0.0
2620,67,99816,7,8,regular,5,5,0,0.0
2621,62,113687,4,8,new,10,5,0,0.0
2622,38,76775,6,6,loyal,5,10,1,227.08
2623,23,104055,3,3,loyal,0,10,0,0.0
2624,66,33755,9,4,regular,10,10,0,0.0
2625,65,107878,5,2,regular,0,5,0,0.0
2626,48,76407,5,8,loyal,10,0,1,260.29
2627,68,42153,7,2,loyal,10,20,0,0.0
2628,18,26159,3,6,loyal,0,20,1,487.69
2629,50,91992,5,5,regular,0,10,0,0.0
2630,20,63088,5,5,regular,10,10,0,0.0
2631,66,51000,2,3,loyal,0,10,1,252.26
2632,53,59025,3,4,regular,20,20,1,451.77
2633,65,119101,3,2,regular,10,5,0,0.0
2634,47,62781,5,8,new,5,10,1,163.94
2635,22,27877,7,3,new,5,20,0,0.0
2636,19,47982,3,7,new,5,20,0,0.0
2637,35,34536,5,7,new,10,20,1,455.3
2638,56,88583,4,4,regular,10,10,0,0.0
2639,25,100039,2,7,regular,0,0,1,127.39
2640,62,104094,4,7,regular,0,5,0,0.0
2641,30,83288,4,4,regular,20,20,1,234.2
2642,43,96851,0,2,loyal,20,0,0,0.0
2643,28,61729,6,2,new,20,5,1,319.33
2644,42,82775,3,5,regular,0,10,0,0.0
2645,41,30697,7,2,new,20,20,0,0.0
2646,18,73834,9,7,new,10,5,0,0.0
2647,47,75746,9,1,regular,0,20,0,0.0
2648,58,23108,6,5,loyal,10,5,0,0.0
2649,66,74830,6,8,new,20,10,0,0.0
2650,35,92293,5,4,new,10,20,1,293.09
2651,63,56759,6,5,new,20,20,1,278.28
2652,63,74498,10,6,regular,20,20,1,100.64
2653,69,48607,4,8,regular,10,20,1,292.19
2654,37,47074,9,4,new,10,5,0,0.0
2655,62,32949,10,3,regular,10,0,0,0.0
2656,47,52784,6,4,regular,20,0,1,240.73
2657,21,100319,7,4,regular,5,20,0,0.0
2658,32,113560,6,1,loyal,10,20,0,0.0
2659,52,83562,7,5,loyal,5,5,0,0.0
2660,26,82436,5,7,new,20,0,0,0.0
2661,40,81382,4,5,regular,20,10,1,357.94
2662,58,67591,4,1,loyal,0,5,0,0.0
2663,25,62303,6,10,regular,0,5,1,88.12
2664,43,82092,4,4,regular,20,5,0,0.0
2665,29,98440,4,6,regular,10,0,1,75.37
2666,45,61374,5,4,loyal,10,5,0,0.0
2667,30,76589,9,4,loyal,0,5,1,125.96
2668,68,67018,7,2,new,20,10,0,0.0
2669,21,48551,4,3,regular,20,0,0,0.0
2670,68,49030,4,4,regular,5,20,1,254.2
2671,59,27877,6,11,new,20,20,0,0.0
2672,62,63985,2,3,loyal,10,10,1,498.84
2673,62,91245,8,7,new,20,5,0,0.0
2674,27,88559,6,3,regular,10,5,0,0.0
2675,66,118566,8,3,regular,5,20,0,0.0
2676,48,23994,3,5,loyal,20,20,1,320.4
2677,68,96065,6,5,regular,0,10,1,419.13
2678,63,99502,6,4,regular,10,10,1,194.74
2679,48,63643,5,3,regular,20,20,1,365.85
2680,37,48297,4,7,loyal,20,5,0,0.0
2681,24,55710,3,7,new,5,5,0,0.0
2682,23,88255,4,1,regular,5,5,0,0.0
2683,38,106216,9,5,regular,0,20,1,357.52
2684,60,84272,6,6,loyal,10,5,1,407.93
2685,44,71418,0,6,regular,10,5,0,0.0
2686,43,85262,7,2,loyal,20,20,1,143.29
2687,30,27059,3,1,regular,20,20,0,0.0
2688,47,80812,6,2,regular,10,10,0,0.0
2689,51,24214,4,0,loyal,5,20,0,0.0
2690,69,115910,2,7,new,5,20,0,0.0
2691,55,108920,3,2,loyal,5,10,1,419.3
2692,49,70834,7,6,regular,5,20,0,0.0
2693,65,57408,7,5,regular,5,5,0,0.0
2694,40,93231,6,5,loyal,20,20,0,0.0
2695,66,83758,3,4,loyal,10,5,0,0.0
2696,37,90544,3,5,loyal,20,20,0,0.0
2697,24,71558,6,5,regular,0,10,0,0.0
2698,39,43626,6,6,regular,0,20,0,0.0
2699,24,27325,7,8,regular,0,20,0,0.0
2700,24,48330,6,5,regular,0,20,0,0.0
2701,63,72899,4,2,regular,0,20,0,0.0
2702,59,62401,3,4,loyal,0,5,1,175.96
2703,29,70636,7,7,regular,10,5,1,68.97
2704,61,47769,6,4,new,0,0,1,76.88
2705,21,113786,7,2,loyal,10,5,1,83.61
2706,32,56674,6,2,regular,0,20,0,0.0
2707,54,104615,10,2,loyal,10,10,1,135.7
2708,33,59096,7,2,new,20,0,0,0.0
2709,55,64358,4,3,loyal,20,5,0,0.0
2710,63,80386,3,6,regular,5,10,0,0.0
2711,21,46313,7,3,new,5,5,0,0.0
2712,19,41989,7,6,regular,5,20,1,296.29
2713,66,57919,7,3,regular,20,20,0,0.0
2714,45,100429,6,4,regular,20,20,0,0.0
2715,44,34460,4,3,regular,10,20,0,0.0
2716,42,63753,3,3,regular,20,5,0,0.0
2717,40,87211,4,3,regular,5,0,0,0.0
2718,53,90624,4,3,regular,10,0,0,0.0
2719,48,63440,12,5,new,0,0,1,268.4
2720,26,28144,6,3,regular,0,10,1,402.36
2721,50,21590,4,3,regular,10,0,0,0.0
2722,52,66996,5,3,new,5,20,1,73.33
2723,23,101004,5,3,regular,10,20,1,483.6
2724,37,22821,4,6,new,20,20,1,283.81
2725,59,108747,8,3,regular,5,5,0,0.0
2726,50,87590,4,10,loyal,20,20,1,338.43
2727,25,20805,7,2,new,10,0,0,0.0
2728,20,54371,5,6,regular,5,0,0,0.0
2729,48,42050,7,2,new,0,10,1,134.59
2730,42,114925,6,5,regular,20,10,0,0.0
2731,67,75478,5,6,loyal,20,20,0,0.0
2732,45,52412,5,6,regular,5,10,1,159.52
2733,66,47804,11,3,loyal,10,5,1,286.44
2734,29,76380,13,5,regular,20,5,0,0.0
2735,41,20509,4,3,new,0,10,0,0.0
2736,25,45738,1,6,regular,20,20,0,0.0
2737,47,36540,2,6,new,0,5,0,0.0
2738,27,82011,2,4,regular,0,5,0,0.0
2739,43,86922,7,3,new,5,0,0,0.0
2740,35,66704,3,5,new,5,0,0,0.0
2741,27,34002,5,6,new,5,10,0,0.0
2742,23,57062,9,6,regular,10,0,0,0.0
2743,44,104290,5,2,loyal,5,0,1,55.66
2744,67,40368,5,6,regular,5,5,0,0.0
2745,28,36336,5,1,new,10,10,0,0.0
2746,39,31152,3,5,regular,20,10,0,0.0
2747,29,101671,7,6,new,10,20,1,267.17
2748,60,31987,6,5,new,5,20,0,0.0
2749,39,78161,4,6,regular,10,5,0,0.0
2750,68,119904,2,4,regular,20,5,0,0.0
2751,30,84181,3,4,regular,0,5,0,0.0
2752,22,61231,7,2,regular,0,10,1,326.25
2753,48,40682,4,6,regular,20,10,1,286.86
2754,51,20192,6,3,regular,20,20,1,313.57
2755,69,35556,4,1,regular,10,5,0,0.0
2756,63,115292,6,3,new,10,10,0,0.0
2757,63,34360,5,6,new,20,0,0,0.0
2758,50,21997,5,4,regular,0,20,1,213.96
2759,36,101607,5,4,loyal,10,0,1,346.99
2760,40,61858,4,3,regular,0,10,0,0.0
2761,24,55699,4,7,new,20,0,0,0.0
2762,40,91747,7,1,new,0,20,1,291.91
2763,36,72302,7,1,regular,0,20,1,368.93
2764,19,111459,5,4,loyal,10,10,1,461.05
2765,28,66759,8,1,loyal,5,5,0,0.0
2766,45,91288,7,1,new,20,0,1,360.2
2767,37,107886,3,8,regular,5,20,0,0.0
2768,69,66362,9,0,regular,20,5,0,0.0
2769,42,48428,1,6,regular,5,0,0,0.0
2770,67,117444,4,5,regular,10,5,0,0.0
2771,52,42679,10,3,regular,20,0,1,443.63
2772,20,23931,9,1,regular,10,20,0,0.0
2773,28,77815,8,6,regular,0,5,0,0.0
2774,54,118689,2,1,regular,20,5,0,0.0
2775,46,28643,0,0,regular,20,5,0,0.0
2776,33,104939,9,1,regular,5,5,0,0.0
2777,45,103043,8,5,new,5,0,0,0.0
2778,64,112893,7,2,regular,20,0,0,0.0
2779,38,62156,4,1,regular,10,5,0,0.0
2780,20,45477,5,4,loyal,0,5,0,0.0
2781,34,71214,5,6,new,5,0,0,0.0
2782,66,34245,3,3,regular,0,5,0,0.0
2783,57,104285,2,1,regular,5,5,1,394.44
2784,61,86331,5,2,regular,0,20,1,121.15
2785,65,68332,12,3,new,20,20,1,117.51
2786,24,71585,4,3,regular,20,20,0,0.0
2787,32,91212,5,1,regular,0,0,0,0.0
2788,21,72316,7,7,regular,20,10,1,426.61
2789,18,103980,8,4,new,20,0,0,0.0
2790,61,112461,9,2,regular,20,0,0,0.0
2791,66,114979,5,2,regular,20,0,0,0.0
2792,26,82008,5,2,loyal,5,20,1,196.08
2793,55,94255,7,3,regular,5,5,0,0.0
2794,45,51106,4,6,new,0,0,1,355.72
2795,21,23811,5,6,regular,20,0,0,0.0
2796,65,60006,5,1,new,0,0,0,0.0
2797,63,107171,4,5,regular,10,0,1,76.04
2798,47,33349,6,4,regular,5,0,0,0.0
2799,54,74571,2,7,regular,5,10,0,0.0
2800,38,39231,1,7,new,20,5,0,0.0
2801,59,62927,6,4,regular,5,20,1,415.12
2802,41,34335,7,6,new,0,0,1,398.29
2803,69,93474,4,2,new,20,0,1,411.51
2804,21,101029,4,0,loyal,20,0,0,0.0
2805,26,95835,5,11,loyal,5,5,1,438.17
2806,68,90487,3,6,regular,5,5,0,0.0
2807,33,43515,4,0,new,10,20,0,0.0
2808,34,73034,5,4,loyal,0,20,1,410.24
2809,59,30478,1,5,regular,10,0,0,0.0
2810,27,57436,2,7,new,0,20,0,0.0
2811,44,70581,2,2,regular,0,20,0,0.0
2812,32,86849,3,1,new,0,20,0,0.0
2813,28,29680,5,4,new,10,20,1,83.88
2814,68,101290,5,8,regular,10,20,0,0.0
2815,28,65890,5,3,new,5,5,1,152.52
2816,22,108123,3,3,regular,20,10,1,109.96
2817,53,72747,2,3,regular,0,0,1,484.13
2818,63,74701,7,2,loyal,20,10,0,0.0
2819,24,89259,8,2,regular,20,0,0,0.0
2820,54,101988,4,4,regular,0,20,0,0.0
2821,46,35762,3,3,regular,5,0,0,0.0
2822,61,71130,7,3,regular,10,5,0,0.0
2823,24,22995,7,2,regular,10,0,1,54.22
2824,68,67453,6,4,loyal,5,10,1,232.58
2825,50,101351,9,3,regular,5,10,0,0.0
2826,61,106543,4,2,loyal,5,0,1,137.57
2827,36,48352,3,4,regular,10,10,1,179.43
2828,67,58637,9,3,regular,10,0,0,0.0
2829,50,75156,4,5,loyal,5,10,0,0.0
2830,24,59591,6,1,new,0,10,1,240.0
2831,65,37807,3,3,regular,10,0,1,405.13
2832,59,50491,8,3,regular,0,20,1,482.3
2833,33,60405,2,2,regular,5,0,0,0.0
2834,46,71870,6,6,regular,20,20,0,0.0
2835,38,112073,4,4,loyal,10,10,0,0.0
2836,46,74485,7,4,new,10,0,0,0.0
2837,68,58711,7,7,loyal,0,5,0,0.0
2838,64,86046,0,3,loyal,20,5,1,173.42
2839,29,97305,3,2,new,10,20,0,0.0
2840,68,63050,4,4,new,10,20,0,0.0
2841,40,68926,7,5,regular,5,5,0,0.0
2842,54,41783,1,6,new,5,10,0,0.0
2843,57,106478,5,3,regular,5,0,0,0.0
2844,43,106684,4,1,regular,5,0,0,0.0
2845,41,37491,5,4,loyal,20,5,1,303.94
2846,41,54600,1,2,regular,0,5,0,0.0
2847,62,47194,4,3,regular,10,0,0,0.0
2848,38,112294,5,9,loyal,20,20,1,124.19
2849,32,26522,4,5,regular,0,20,0,0.0
2850,36,40735,6,8,new,10,20,1,429.01
2851,28,51490,4,12,new,0,10,0,0.0
2852,38,76005,2,4,regular,10,20,0,0.0
2853,23,44897,2,4,regular,5,0,0,0.0
2854,22,73661,8,3,regular,10,0,0,0.0
2855,55,94722,4,3,regular,20,5,0,0.0
2856,22,102864,3,4,regular,20,5,0,0.0
2857,47,29906,10,1,new,0,20,0,0.0
2858,58,33885,1,1,regular,5,5,1,50.72
2859,55,29519,10,4,regular,10,5,1,380.97
2860,41,110993,3,2,regular,20,5,1,450.03
2861,28,85209,7,5,regular,5,20,1,449.47
2862,66,73142,4,8,new,0,5,0,0.0
2863,61,99091,2,5,regular,0,10,0,0.0
2864,49,78610,5,3,regular,0,5,0,0.0
2865,22,43545,4,3,loyal,0,10,0,0.0
2866,19,71016,4,8,regular,20,5,0,0.0
2867,34,90321,11,3,new,20,20,0,0.0
2868,26,23602,5,4,new,0,5,0,0.0
2869,62,80633,10,2,regular,20,5,0,0.0
2870,28,69709,4,8,loyal,10,5,0,0.0
2871,32,26950,7,2,regular,10,20,1,346.47
2872,68,46354,6,4,regular,5,20,0,0.0
2873,60,64853,8,4,new,5,10,0,0.0
2874,29,54268,3,1,new,5,10,1,448.72
2875,37,49006,3,5,regular,20,20,0,0.0
2876,44,84910,6,6,regular,20,5,0,0.0
2877,52,60436,5,2,new,10,20,0,0.0
2878,66,69769,4,3,new,5,0,0,0.0
2879,63,99831,5,5,loyal,5,0,0,0.0
2880,68,29321,7,3,regular,0,5,0,0.0
2881,20,55990,9,4,new,5,0,1,203.3
2882,30,27304,3,4,regular,0,20,0,0.0
2883,47,112732,3,3,regular,20,0,1,204.51
2884,20,38565,12,9,regular,20,5,0,0.0
2885,36,101986,2,6,regular,10,20,0,0.0
2886,25,39088,5,2,regular,20,5,0,0.0
2887,66,52405,4,7,regular,10,20,0,0.0
2888,21,80830,2,7,loyal,5,0,0,0.0
2889,25,103137,3,2,new,10,10,0,0.0
2890,28,37781,1,7,regular,10,20,1,417.02
2891,25,41312,8,4,regular,5,5,0,0.0
2892,47,108171,2,4,regular,10,5,0,0.0
2893,36,52196,4,2,regular,20,10,0,0.0
2894,65,40976,9,5,regular,20,0,0,0.0
2895,31,94352,5,9,new,20,10,0,0.0
2896,45,29113,9,5,regular,10,10,1,211.98
2897,52,106696,6,4,regular,10,20,1,282.81
2898,50,107574,8,7,regular,20,20,0,0.0
2899,59,105652,5,8,new,5,0,0,0.0
2900,28,49532,5,4,regular,0,20,1,90.49
2901,44,31420,3,5,regular,0,20,0,0.0
2902,59,62542,8,2,regular,5,5,0,0.0
2903,62,53457,4,5,regular,0,20,1,246.9
2904,50,115902,6,5,regular,20,10,1,284.81
2905,51,83169,8,1,loyal,0,5,0,0.0
2906,62,114436,3,7,new,0,5,0,0.0
2907,50,95087,5,5,regular,5,0,1,74.52
2908,67,91491,4,3,loyal,5,5,0,0.0
2909,24,31184,5,4,new,10,0,0,0.0
2910,36,26893,5,4,regular,20,0,1,463.83
2911,23,24649,3,10,regular,10,10,0,0.0
2912,22,79334,1,7,regular,20,5,0,0.0
2913,42,40170,8,5,loyal,10,10,0,0.0
2914,29,118907,5,2,regular,0,10,1,84.27
2915,39,33266,6,7,regular,0,10,0,0.0
2916,40,114691,2,5,regular,5,0,0,0.0
2917,50,86763,1,1,new,5,10,0,0.0
2918,67,30600,1,1,new,5,10,0,0.0
2919,62,25845,6,5,loyal,0,20,0,0.0
2920,37,59596,4,1,regular,0,5,0,0.0
2921,34,53895,9,5,new,5,5,0,0.0
2922,58,51553,4,4,new,5,10,0,0.0
2923,24,72856,5,4,loyal,10,10,0,0.0
2924,46,32972,5,1,new,0,5,0,0.0
2925,39,32945,7,9,regular,10,10,1,470.98
2926,27,89479,5,1,regular,20,10,1,483.07
2927,50,119030,6,6,regular,5,10,0,0.0
2928,34,47384,7,3,regular,10,10,1,163.88
2929,27,113192,4,3,regular,0,20,0,0.0
2930,51,54486,7,2,new,0,10,0,0.0
2931,27,53588,2,4,regular,0,20,0,0.0
2932,52,29035,6,5,loyal,5,0,1,166.4
2933,26,62332,5,3,regular,5,10,0,0.0
2934,40,69796,7,3,regular,0,10,0,0.0
2935,60,86377,6,7,regular,5,5,1,306.34
2936,29,35816,1,5,regular,20,10,0,0.0
2937,57,38869,9,3,loyal,20,5,0,0.0
2938,55,63209,6,5,regular,10,0,1,239.18
2939,64,26964,11,5,regular,20,5,1,420.45
2940,26,34334,3,5,new,10,0,0,0.0
2941,55,82907,2,4,regular,5,20,0,0.0
2942,66,115384,5,4,regular,10,10,1,73.74
2943,57,77296,3,3,regular,20,10,0,0.0
2944,27,34498,6,4,regular,5,10,0,0.0
2945,60,119099,2,6,new,5,5,0,0.0
2946,23,72188,6,3,loyal,5,20,0,0.0
2947,48,91684,8,9,regular,10,5,1,475.18
2948,43,39697,7,3,regular,0,20,0,0.0
2949,45,77843,7,4,new,10,5,0,0.0
2950,45,27636,4,1,regular,0,5,0,0.0
2951,19,82574,5,2,regular,5,5,0,0.0
2952,44,40230,10,5,regular,0,5,1,153.65
2953,66,110951,5,7,new,20,0,1,140.31
2954,40,25477,7,2,loyal,0,5,0,0.0
2955,32,85262,10,2,new,0,5,1,311.43
2956,69,33939,4,2,new,10,20,0,0.0
2957,23,88712,4,3,loyal,5,5,0,0.0
2958,43,69348,3,4,regular,0,10,0,0.0
2959,44,116748,4,0,loyal,10,5,0,0.0
2960,42,85181,3,5,loyal,0,5,0,0.0
2961,65,57199,3,3,regular,5,5,0,0.0
2962,39,28733,6,3,loyal,0,10,1,264.21
2963,68,79575,5,2,new,10,0,0,0.0
2964,21,64101,3,5,loyal,5,10,1,172.12
2965,56,25251,6,1,regular,10,10,1,71.26
2966,48,78124,4,4,loyal,0,10,0,0.0
2967,30,40999,6,8,regular,0,0,1,348.76
2968,29,43422,2,4,regular,0,20,1,78.44
2969,55,20895,1,3,loyal,20,5,0,0.0
2970,51,57207,11,7,regular,20,10,0,0.0
2971,49,41826,6,4,regular,0,5,0,0.0
2972,20,27183,4,6,loyal,0,20,0,0.0
2973,49,63429,2,3,loyal,0,20,1,288.38
2974,69,42013,3,5,regular,10,10,0,0.0
2975,18,33415,4,3,regular,20,20,0,0.0
2976,42,66675,4,5,new,20,20,0,0.0
2977,43,26323,4,7,regular,0,20,1,304.11
2978,64,119044,4,1,loyal,20,10,0,0.0
2979,32,67095,2,1,new,5,10,0,0.0
2980,42,119626,5,3,new,5,10,1,170.98
2981,55,108135,4,0,new,20,10,0,0.0
2982,21,117962,3,2,regular,5,5,1,385.56
2983,59,74272,5,3,regular,10,5,0,0.0
2984,60,62308,7,2,new,5,10,0,0.0
2985,55,91989,6,4,regular,20,20,0,0.0
2986,51,28068,4,6,new,10,0,0,0.0
2987,56,104019,2,4,loyal,20,20,1,279.21
2988,58,52357,6,5,regular,5,10,0,0.0
2989,64,20741,9,4,regular,5,0,1,474.7
2990,40,43771,6,3,loyal,5,10,0,0.0
2991,41,44231,3,5,new,10,20,1,477.07
2992,51,21412,9,4,loyal,20,10,0,0.0
2993,28,86858,4,7,new,0,10,0,0.0
2994,62,29523,5,6,regular,5,0,1,413.25
2995,58,104669,4,8,new,0,5,0,0.0
2996,50,65319,6,3,loyal,0,5,1,327.05
2997,33,91823,4,7,regular,10,20,1,277.84
2998,36,53966,2,3,new,20,10,0,0.0
2999,40,33199,4,2,regular,20,5,1,247.73
3000,52,38035,4,1,loyal,10,5,0,0.0
3001,58,84587,5,4,new,0,10,0,0.0
3002,52,91609,5,3,regular,20,0,0,0.0
3003,66,46752,6,3,new,10,5,0,0.0
3004,67,55711,6,1,new,5,0,1,417.03
3005,54,114505,7,2,loyal,20,0,0,0.0
3006,37,105186,3,2,regular,0,5,1,470.91
3007,49,61303,4,5,new,10,10,0,0.0
3008,40,44097,5,3,loyal,0,5,0,0.0
3009,50,50135,7,5,loyal,10,20,1,292.79
3010,60,73839,8,5,loyal,20,5,1,130.63
3011,37,76678,6,3,new,10,10,1,268.9
3012,44,38413,3,6,regular,20,20,1,382.3
3013,20,26583,5,3,loyal,20,10,0,0.0
3014,56,69530,10,4,new,20,0,0,0.0
3015,43,99745,6,4,regular,20,0,0,0.0
3016,41,35246,3,7,loyal,10,10,0,0.0
3017,45,60835,4,5,new,5,0,0,0.0
3018,29,36157,5,6,regular,10,0,0,0.0
3019,49,44213,12,5,loyal,0,20,0,0.0
3020,56,81222,3,7,regular,5,0,0,0.0
3021,36,48619,6,5,loyal,5,5,0,0.0
3022,24,46378,5,1,regular,5,10,1,77.78
3023,38,119566,4,2,loyal,5,20,0,0.0
3024,28,37236,8,3,regular,0,20,0,0.0
3025,37,38928,5,2,new,20,10,0,0.0
3026,50,112976,2,5,regular,10,5,0,0.0
3027,23,75020,4,4,loyal,5,0,0,0.0
3028,56,24300,3,2,new,20,10,0,0.0
3029,29,62495,5,4,regular,20,10,1,459.31
3030,64,76514,6,5,regular,10,10,1,175.06
3031,56,45319,6,6,regular,5,20,0,0.0
3032,32,74826,3,3,loyal,5,10,0,0.0
3033,47,84851,3,4,loyal,5,0,1,469.0
3034,23,45060,4,3,new,5,10,0,0.0
3035,23,101240,6,5,new,20,20,0,0.0
3036,67,65277,6,6,regular,5,20,1,423.97
3037,59,116346,4,2,new,5,5,0,0.0
3038,26,28773,3,3,new,5,0,0,0.0
3039,32,52423,4,4,regular,5,5,1,282.12
3040,28,92127,10,3,new,20,10,0,0.0
3041,38,109491,4,4,regular,20,0,1,136.09
3042,33,42169,7,4,new,10,20,1,128.98
3043,35,118025,0,7,regular,10,20,0,0.0
3044,45,39338,4,6,regular,5,5,1,295.27
3045,27,61612,4,5,new,0,5,0,0.0
3046,63,51487,5,4,regular,5,20,1,170.42
3047,55,62432,2,6,new,10,10,0,0.0
3048,57,110236,9,6,regular,0,10,1,279.67
3049,26,93255,3,4,new,0,0,0,0.0
3050,54,99646,4,1,loyal,0,5,1,384.15
3051,61,45399,5,4,loyal,0,0,1,125.09
3052,27,114689,3,2,regular,5,5,0,0.0
3053,57,63553,4,0,loyal,10,10,1,94.42
3054,36,85196,6,4,regular,5,20,0,0.0
3055,58,89771,3,8,regular,0,20,1,301.41
3056,42,86292,4,4,new,0,5,0,0.0
3057,59,80179,5,3,regular,10,5,0,0.0
3058,25,68003,9,4,regular,5,5,0,0.0
3059,38,84764,5,5,loyal,0,20,1,289.91
3060,32,110518,2,6,loyal,5,20,0,0.0
3061,30,58977,5,4,regular,5,5,1,382.79
3062,34,71087,5,7,regular,5,5,0,0.0
3063,37,38007,4,0,new,0,20,0,0.0
3064,24,55506,2,2,new,5,0,0,0.0
3065,54,97204,4,7,new,0,5,1,55.77
3066,46,84037,10,5,regular,10,0,1,52.86
3067,61,41114,1,6,new,5,10,1,371.17
3068,54,74613,2,6,loyal,10,20,1,299.42
3069,25,101196,8,2,loyal,20,0,1,409.82
3070,21,32401,8,1,new,5,5,0,0.0
3071,39,26194,0,3,regular,20,0,0,0.0
3072,43,59272,9,3,regular,20,20,0,0.0
3073,30,85654,4,2,regular,5,0,0,0.0
3074,58,51332,5,3,regular,10,20,0,0.0
3075,48,102103,4,7,regular,5,5,1,259.55
3076,56,104683,2,4,regular,10,0,0,0.0
3077,23,73251,2,5,new,0,5,0,0.0
3078,60,57884,7,4,new,5,10,0,0.0
3079,28,24171,2,5,loyal,5,0,0,0.0
3080,41,102155,3,2,loyal,20,10,0,0.0
3081,40,109528,4,1,regular,20,5,0,0.0
3082,60,64238,3,1,new,10,10,0,0.0
3083,32,71646,8,4,regular,10,0,0,0.0
3084,30,95350,4,7,regular,10,5,1,252.77
3085,35,89537,11,2,regular,0,20,1,114.64
3086,36,33528,3,3,regular,10,0,0,0.0
3087,27,87231,2,1,loyal,5,5,0,0.0
3088,27,112465,2,3,loyal,20,0,0,0.0
3089,30,95068,6,3,loyal,10,5,1,65.86
3090,42,68055,6,4,loyal,20,0,1,109.06
3091,35,72316,5,4,new,0,0,0,0.0
3092,38,45979,1,2,new,20,5,0,0.0
3093,55,86075,6,2,regular,10,10,1,77.47
3094,30,44148,5,5,regular,0,10,0,0.0
3095,65,54185,6,3,loyal,10,10,1,473.28
3096,57,46507,6,4,new,10,5,1,171.84
3097,27,53532,2,2,regular,0,20,1,436.75
3098,34,56672,7,2,regular,10,5,1,284.53
3099,27,28297,6,5,regular,20,10,0,0.0
3100,32,91751,6,0,regular,5,10,0,0.0
3101,37,64099,3,7,regular,5,20,0,0.0
3102,24,114960,7,3,loyal,5,10,0,0.0
3103,18,38088,6,4,regular,10,5,1,493.07
3104,40,86903,4,8,new,20,20,1,227.99
3105,54,37918,2,5,regular,20,10,0,0.0
3106,33,74716,6,4,regular,5,5,1,395.6
3107,62,69088,2,3,regular,5,0,0,0.0
3108,37,64859,6,6,regular,10,10,0,0.0
3109,64,85471,8,5,regular,10,20,0,0.0
3110,30,102819,4,5,new,5,5,1,400.87
3111,46,51672,5,7,regular,10,10,0,0.0
3112,57,104965,4,7,regular,10,10,0,0.0
3113,21,38485,1,4,loyal,0,20,0,0.0
3114,66,49303,1,1,loyal,20,20,0,0.0
3115,36,51067,4,8,regular,5,10,1,359.61
3116,43,115342,6,7,new,20,5,0,0.0
3117,50,31857,2,5,regular,5,5,0,0.0
3118,51,59511,1,0,regular,10,5,0,0.0
3119,19,62443,5,4,new,20,0,1,448.24
3120,63,100007,3,4,regular,0,0,0,0.0
3121,50,68589,4,7,new,0,0,0,0.0
3122,69,116681,3,5,new,0,10,0,0.0
3123,42,94031,2,4,regular,20,5,1,318.72
3124,49,90365,7,4,new,0,10,0,0.0
3125,40,95291,5,4,new,10,0,0,0.0
3126,64,36155,3,6,regular,5,20,0,0.0
3127,61,64905,5,4,new,0,20,1,99.94
3128,65,78613,6,1,regular,0,20,1,300.14
3129,44,40847,2,3,regular,20,10,0,0.0
3130,59,31877,0,4,loyal,5,5,0,0.0
3131,36,33576,3,1,regular,10,0,0,0.0
3132,41,98914,5,8,regular,5,0,0,0.0
3133,57,85688,7,3,regular,10,5,0,0.0
3134,22,48131,11,3,loyal,0,5,1,384.12
3135,54,93720,2,2,new,20,5,0,0.0
3136,18,89521,6,7,new,20,10,0,0.0
3137,48,101650,7,2,new,10,5,1,364.61
3138,42,111008,2,3,new,20,20,1,189.65
3139,42,108223,10,1,regular,20,0,1,449.21
3140,43,38100,5,6,loyal,5,10,0,0.0
3141,43,96925,5,3,regular,20,0,0,0.0
3142,39,59285,10,6,new,5,5,0,0.0
3143,41,60312,6,7,loyal,20,5,1,218.53
3144,47,84711,3,4,regular,0,20,0,0.0
3145,57,80218,3,5,regular,5,20,1,164.24
3146,46,61965,5,7,regular,0,20,1,396.61
3147,51,119948,5,5,regular,20,0,0,0.0
3148,61,37481,8,4,new,10,5,0,0.0
3149,69,29691,5,3,loyal,0,20,1,319.35
3150,23,22907,6,5,regular,10,10,0,0.0
3151,55,101423,8,5,regular,0,5,0,0.0
3152,29,60659,5,1,new,20,0,0,0.0
3153,28,63734,4,4,regular,0,5,0,0.0
3154,59,84920,6,6,regular,10,20,0,0.0
3155,21,63539,6,2,regular,10,5,0,0.0
3156,62,77398,5,3,regular,0,0,0,0.0
3157,58,25845,6,3,regular,0,20,1,435.64
3158,69,35624,4,2,regular,20,20,0,0.0
3159,52,113203,6,1,new,0,20,0,0.0
3160,63,65069,3,8,new,20,5,0,0.0
3161,24,36738,5,3,regular,0,5,1,385.0
3162,64,56947,3,1,regular,20,10,0,0.0
3163,26,53478,3,3,new,10,0,0,0.0
3164,34,47420,5,5,regular,20,5,0,0.0
3165,24,49361,0,3,regular,5,0,0,0.0
3166,38,92927,5,5,regular,20,10,0,0.0
3167,56,30676,8,5,new,5,20,0,0.0
3168,31,50965,5,6,new,5,10,0,0.0
3169,60,66795,8,0,new,20,0,1,424.26
3170,49,74014,7,3,loyal,20,5,1,215.83
3171,50,108050,3,3,new,0,10,0,0.0
3172,66,112322,2,2,new,10,5,0,0.0
3173,40,49741,2,3,regular,20,5,0,0.0
3174,35,73927,4,2,regular,5,20,1,278.84
3175,69,22235,5,3,loyal,10,0,0,0.0
3176,46,81702,3,2,regular,5,5,1,208.97
3177,49,35290,4,6,loyal,20,5,0,0.0
3178,33,27324,9,6,regular,10,0,0,0.0
3179,29,87172,4,5,regular,20,20,0,0.0
3180,26,37813,5,6,new,0,5,0,0.0
3181,29,67737,4,4,regular,0,5,0,0.0
3182,28,30095,5,2,new,10,20,0,0.0
3183,56,94567,4,3,regular,0,5,1,330.06
3184,21,96481,2,2,regular,5,5,0,0.0
3185,50,77480,7,6,new,20,20,1,238.35
3186,67,103592,5,3,new,5,5,0,0.0
3187,57,63680,7,2,regular,0,5,1,218.9
3188,38,38645,4,1,regular,5,5,0,0.0
3189,21,35133,4,6,regular,0,5,0,0.0
3190,61,41927,5,6,regular,20,5,0,0.0
3191,18,40030,3,2,regular,10,5,0,0.0
3192,53,52320,6,4,regular,20,5,0,0.0
3193,52,41433,4,3,regular,5,20,0,0.0
3194,27,79107,8,3,new,20,5,0,0.0
3195,56,34836,3,4,regular,20,5,0,0.0
3196,27,82179,7,6,new,10,0,0,0.0
3197,29,53410,6,6,regular,5,5,0,0.0
3198,60,88675,4,6,regular,20,5,0,0.0
3199,68,71292,7,6,regular,20,5,1,177.25
3200,31,110519,7,5,loyal,0,5,0,0.0
3201,65,63987,4,2,new,20,10,0,0.0
3202,65,49504,5,8,new,10,5,1,120.65
3203,58,78911,2,4,regular,5,0,1,217.99
3204,25,85875,7,2,loyal,5,10,1,72.63
3205,33,63923,2,9,new,0,10,0,0.0
3206,53,75972,8,3,new,0,10,1,242.27
3207,69,67086,5,5,regular,0,20,0,0.0
3208,60,50583,4,3,regular,10,20,1,308.34
3209,39,51356,5,4,regular,5,10,0,0.0
3210,30,110741,6,4,loyal,0,5,0,0.0
3211,67,87533,6,5,new,0,0,0,0.0
3212,32,29548,6,3,new,20,10,0,0.0
3213,35,116207,7,3,regular,5,0,0,0.0
3214,68,91200,3,3,regular,20,0,0,0.0
3215,47,25016,3,4,regular,5,10,1,363.73
3216,31,92787,4,8,regular,5,10,0,0.0
3217,18,78962,3,4,loyal,5,0,0,0.0
3218,40,111532,4,5,new,0,20,1,476.96
3219,69,68937,6,5,loyal,0,0,1,186.82
3220,40,71858,2,5,regular,20,20,0,0.0
3221,54,51471,4,8,loyal,5,20,1,133.19
3222,31,52162,1,7,regular,20,10,0,0.0
3223,58,81792,3,3,loyal,5,5,0,0.0
3224,58,102774,3,1,loyal,20,5,0,0.0
3225,49,109066,7,7,regular,0,10,1,331.42
3226,58,97081,9,6,regular,10,0,0,0.0
3227,48,80977,6,5,regular,0,20,0,0.0
3228,37,70031,2,2,regular,20,5,0,0.0
3229,56,53960,4,4,new,5,10,0,0.0
3230,61,96785,4,4,new,20,5,1,97.81
3231,61,51814,11,5,regular,10,0,0,0.0
3232,29,46787,5,5,regular,0,10,0,0.0
3233,53,106786,1,2,regular,10,10,0,0.0
3234,18,78950,5,4,regular,20,0,0,0.0
3235,47,55422,10,5,new,0,5,0,0.0
3236,47,106518,5,5,loyal,20,0,1,56.8
3237,36,116268,3,2,regular,5,5,0,0.0
3238,69,51798,5,6,loyal,10,10,1,232.21
3239,63,72141,9,3,loyal,0,10,1,481.27
3240,20,68354,12,4,loyal,5,10,0,0.0
3241,28,90164,7,2,regular,10,10,0,0.0
3242,28,115104,7,4,regular,20,5,0,0.0
3243,64,74852,5,2,regular,5,5,0,0.0
3244,44,99821,5,2,new,0,10,0,0.0
3245,55,79560,2,4,loyal,10,10,0,0.0
3246,60,108703,5,5,regular,20,5,0,0.0
3247,57,60458,7,6,regular,5,10,0,0.0
3248,22,58524,5,6,regular,0,20,1,262.11
3249,25,62241,4,3,regular,0,5,0,0.0
3250,38,119650,4,1,regular,10,20,1,188.13
3251,35,81144,5,0,new,0,0,0,0.0
3252,56,35256,2,6,regular,5,10,0,0.0
3253,26,24089,7,5,loyal,5,10,1,450.45
3254,37,71877,4,10,regular,0,20,1,394.47
3255,30,100569,3,1,new,0,0,0,0.0
3256,27,67927,4,3,regular,0,0,0,0.0
3257,26,76020,6,6,regular,10,0,0,0.0
3258,28,99843,4,3,loyal,5,0,0,0.0
3259,47,71634,4,8,loyal,5,10,0,0.0
3260,39,110861,6,4,new,5,20,1,371.12
3261,40,83793,6,3,new,0,20,1,85.27
3262,42,93113,8,1,new,0,10,0,0.0
3263,56,98146,7,2,new,20,5,1,265.04
3264,62,82681,4,2,regular,5,5,0,0.0
3265,45,25006,6,2,regular,10,0,0,0.0
3266,51,62742,3,3,loyal,10,10,0,0.0
3267,56,34148,8,4,new,0,20,1,469.61
3268,53,71032,6,8,new,10,0,0,0.0
3269,24,34316,5,2,regular,5,10,0,0.0
3270,69,70930,6,5,regular,5,5,0,0.0
3271,26,54383,3,1,regular,0,20,1,148.56
3272,39,22036,9,5,new,10,0,0,0.0
3273,51,32487,4,3,regular,10,10,1,146.45
3274,38,70304,6,4,new,10,0,0,0.0
3275,30,27881,5,4,regular,10,5,0,0.0
3276,66,105597,5,2,loyal,10,10,0,0.0
3277,21,95869,2,4,new,20,5,0,0.0
3278,30,90927,3,4,regular,20,10,0,0.0
3279,69,37211,3,4,loyal,20,10,0,0.0
3280,55,99570,3,6,regular,20,10,1,88.33
3281,22,83469,3,2,regular,20,0,1,275.17
3282,57,59048,6,3,new,20,5,0,0.0
3283,68,20041,3,2,regular,5,10,0,0.0
3284,23,72897,5,3,regular,10,20,1,365.54
3285,39,99590,6,2,loyal,10,10,0,0.0
3286,42,23348,9,2,loyal,5,5,1,466.04
3287,24,25263,3,2,loyal,0,20,0,0.0
3288,28,58299,3,2,loyal,0,5,0,0.0
3289,27,71157,4,3,loyal,20,20,1,377.19
3290,27,67441,5,4,loyal,10,10,0,0.0
3291,38,62620,7,4,regular,20,20,0,0.0
3292,42,45520,4,7,new,10,10,0,0.0
3293,30,25986,5,4,new,0,20,1,59.06
3294,33,23124,1,0,regular,10,10,0,0.0
3295,27,29881,6,5,new,20,10,1,231.29
3296,59,89040,5,5,loyal,10,5,0,0.0
3297,29,98597,7,4,loyal,5,5,0,0.0
3298,65,63508,6,4,regular,10,20,1,207.32
3299,46,27741,4,2,loyal,10,10,1,98.71
3300,59,61567,6,8,regular,0,5,1,369.3
3301,51,118564,8,2,regular,5,5,1,282.69
3302,31,44998,3,8,loyal,20,0,0,0.0
3303,49,69111,6,1,loyal,10,0,0,0.0
3304,32,73783,5,4,regular,20,10,0,0.0
3305,24,52993,5,2,regular,10,0,0,0.0
3306,31,63802,3,7,regular,0,20,0,0.0
3307,32,67173,4,2,regular,10,5,1,409.88
3308,25,67398,2,7,regular,10,5,1,371.57
3309,19,91768,2,4,loyal,10,10,0,0.0
3310,67,78087,2,1,regular,20,5,0,0.0
3311,44,25340,1,4,regular,5,10,1,297.43
3312,38,20632,3,1,new,10,10,1,343.61
3313,66,61069,10,6,regular,20,5,0,0.0
3314,29,110769,2,2,regular,10,10,0,0.0
3315,38,23689,5,6,loyal,0,5,0,0.0
3316,62,27108,6,3,regular,20,10,0,0.0
3317,50,87926,6,3,new,0,0,0,0.0
3318,38,65092,7,8,loyal,20,5,0,0.0
3319,31,43063,6,2,new,10,5,0,0.0
3320,19,40737,7,3,regular,10,5,0,0.0
3321,22,86500,3,3,regular,20,20,0,0.0
3322,26,72378,1,4,loyal,5,20,1,98.69
3323,58,83822,8,2,new,0,10,0,0.0
3324,51,48023,5,2,regular,20,5,0,0.0
3325,40,72637,3,5,regular,10,5,0,0.0
3326,58,106000,6,7,regular,20,5,0,0.0
3327,26,51658,7,3,regular,5,10,0,0.0
3328,28,59635,4,7,regular,0,10,0,0.0
3329,38,36374,4,7,loyal,0,0,0,0.0
3330,65,83875,4,9,regular,10,5,0,0.0
3331,49,23251,6,6,loyal,0,10,0,0.0
3332,62,44887,1,4,loyal,10,5,1,439.84
3333,30,91305,0,3,regular,0,0,0,0.0
3334,62,21940,4,4,new,0,0,0,0.0
3335,21,118908,4,6,new,5,20,1,277.85
3336,29,60415,5,5,regular,20,10,1,200.73
3337,45,59870,4,5,new,0,0,0,0.0
3338,20,73648,4,5,new,20,20,1,461.55
3339,62,83918,3,1,new,20,20,0,0.0
3340,63,65954,4,3,regular,0,20,0,0.0
3341,46,108424,1,8,new,5,10,0,0.0
3342,33,116201,6,8,new,10,20,0,0.0
3343,23,40035,4,3,regular,5,20,0,0.0
3344,50,90683,8,2,new,0,5,0,0.0
3345,45,50091,5,1,new,10,20,0,0.0
3346,57,119566,6,6,regular,0,20,0,0.0
3347,49,45331,4,2,loyal,0,10,0,0.0
3348,24,49506,10,6,regular,0,20,0,0.0
3349,24,91423,7,2,regular,20,5,0,0.0
3350,58,98905,3,5,new,10,0,1,479.62
3351,26,32858,3,9,regular,20,20,0,0.0
3352,66,75555,5,10,new,20,5,1,143.36
3353,23,54567,6,3,regular,0,10,1,229.44
3354,55,81176,4,4,regular,10,20,0,0.0
3355,68,75673,2,3,regular,5,0,0,0.0
3356,40,118585,3,5,loyal,5,20,1,91.99
3357,20,113366,6,5,regular,5,10,0,0.0
3358,63,85398,1,4,new,0,20,0,0.0
3359,27,87941,6,5,regular,10,0,1,168.38
3360,45,109881,4,9,new,0,20,1,162.78
3361,69,38349,6,7,new,0,0,0,0.0
3362,56,92575,4,6,regular,0,5,0,0.0
3363,20,97207,5,5,regular,10,10,1,96.36
3364,60,32738,7,3,loyal,10,10,0,0.0
3365,26,108131,7,6,regular,20,20,1,347.24
3366,56,89942,6,6,loyal,20,0,0,0.0
3367,50,54713,9,7,regular,0,20,1,484.31
3368,32,68431,1,5,new,20,10,0,0.0
3369,40,68959,3,6,regular,5,10,1,349.94
3370,24,111879,9,2,regular,0,0,1,379.75
3371,69,116924,8,5,new,20,0,0,0.0
3372,30,100683,4,3,regular,0,5,0,0.0
3373,34,85220,5,2,new,5,10,1,108.31
3374,44,30413,6,4,regular,10,10,0,0.0
3375,52,111482,5,6,regular,20,0,0,0.0
3376,44,33391,9,5,regular,10,10,0,0.0
3377,44,36680,5,5,regular,0,0,0,0.0
3378,48,26961,6,4,new,0,0,0,0.0
3379,62,114774,9,5,regular,10,0,0,0.0
3380,38,69324,5,3,new,20,20,0,0.0
3381,61,43596,2,8,new,0,10,1,64.37
3382,58,28077,5,4,regular,10,0,0,0.0
3383,67,61199,7,3,regular,20,0,0,0.0
3384,65,92367,7,2,regular,10,10,0,0.0
3385,59,119456,4,4,new,5,10,0,0.0
3386,30,75235,3,0,loyal,20,20,0,0.0
3387,58,80713,5,5,loyal,0,20,0,0.0
3388,56,103588,7,0,loyal,5,20,0,0.0
3389,33,110183,5,0,new,0,20,1,311.49
3390,53,47979,8,6,new,10,10,1,168.2
3391,31,119189,14,1,regular,20,20,1,348.44
3392,45,71914,4,1,new,20,0,0,0.0
3393,59,113014,3,1,regular,0,10,0,0.0
3394,27,31747,6,4,regular,20,0,0,0.0
3395,35,29742,3,9,loyal,10,20,0,0.0
3396,59,108461,6,7,regular,0,10,1,296.32
3397,41,87256,3,3,new,0,20,1,93.09
3398,67,37500,2,3,new,0,0,0,0.0
3399,18,109492,7,3,new,5,10,0,0.0
3400,55,30236,1,0,new,10,0,0,0.0
3401,60,88229,7,4,new,5,0,0,0.0
3402,65,40505,4,6,new,0,5,0,0.0
3403,26,27059,3,4,new,5,20,0,0.0
3404,69,100623,1,5,new,10,0,0,0.0
3405,38,104739,1,5,loyal,5,5,0,0.0
3406,36,30581,2,5,regular,20,20,0,0.0
3407,36,29313,5,6,loyal,20,20,1,176.55
3408,51,81442,1,3,regular,0,10,0,0.0
3409,52,22870,8,4,regular,10,5,0,0.0
3410,42,94618,8,3,regular,0,20,0,0.0
3411,21,111565,5,2,regular,0,10,0,0.0
3412,69,95108,4,8,regular,10,5,1,85.7
3413,29,43068,4,8,regular,20,0,0,0.0
3414,22,39006,1,1,new,20,20,0,0.0
3415,49,88060,5,4,regular,20,5,0,0.0
3416,39,26162,5,4,regular,10,20,0,0.0
3417,50,73769,5,3,new,10,0,0,0.0
3418,63,64880,3,2,regular,20,10,0,0.0
3419,23,94459,4,4,new,20,5,0,0.0
3420,32,40248,4,6,loyal,10,0,0,0.0
3421,44,96232,1,2,regular,0,20,0,0.0
3422,58,89927,4,3,regular,5,0,1,436.22
3423,49,43871,5,4,new,5,0,0,0.0
3424,37,55669,5,2,regular,0,20,1,174.09
3425,49,26601,2,1,new,20,5,0,0.0
3426,68,64935,7,1,regular,10,10,0,0.0
3427,42,46060,6,1,regular,5,0,1,84.65
3428,63,31348,11,4,new,5,0,0,0.0
3429,58,75991,6,2,regular,20,20,1,336.99
3430,33,76755,4,2,regular,0,5,0,0.0
3431,30,28594,3,3,loyal,10,20,1,317.35
3432,58,38552,8,8,regular,5,20,1,452.07
3433,28,28260,5,2,regular,0,20,0,0.0
3434,35,87898,7,6,loyal,10,20,0,0.0
3435,30,53803,3,11,regular,0,5,1,350.59
3436,49,27116,6,5,new,20,0,0,0.0
3437,33,39153,8,7,regular,0,20,1,219.09
3438,52,117589,7,2,regular,20,10,0,0.0
3439,66,45575,3,4,new,10,0,0,0.0
3440,61,88452,9,3,regular,10,20,0,0.0
3441,67,66843,6,2,loyal,0,20,0,0.0
3442,19,38172,4,8,regular,0,10,0,0.0
3443,41,50738,4,5,new,0,5,0,0.0
3444,29,21409,6,3,new,5,10,1,468.54
3445,65,94698,6,4,regular,5,0,0,0.0
3446,55,53446,6,6,new,0,20,1,173.34
3447,34,69924,4,3,regular,5,20,0,0.0
3448,47,35281,2,2,regular,10,20,1,378.26
3449,49,102421,2,2,regular,10,5,1,352.97
3450,43,41841,6,0,new,10,10,0,0.0
3451,42,76628,5,5,regular,20,0,1,328.25
3452,20,107275,4,4,new,5,5,0,0.0
3453,41,91319,5,5,regular,20,10,0,0.0
3454,36,80320,5,3,regular,0,20,0,0.0
3455,60,108803,7,7,new,10,20,0,0.0
3456,62,37645,5,5,loyal,20,20,0,0.0
3457,57,116355,8,7,regular,0,0,0,0.0
3458,19,75665,10,4,loyal,0,0,0,0.0
3459,61,60985,2,2,regular,10,20,1,218.85
3460,38,45578,4,5,loyal,10,10,0,0.0
3461,39,94492,5,4,regular,0,20,1,408.85
3462,67,117620,4,3,regular,10,10,0,0.0
3463,63,89011,9,4,regular,0,0,0,0.0
3464,20,23275,8,5,loyal,10,20,1,422.93
3465,36,66908,6,6,loyal,0,20,1,148.14
3466,56,93231,2,5,new,0,5,0,0.0
3467,46,59743,2,8,new,20,5,0,0.0
3468,31,97299,5,5,regular,20,5,0,0.0
3469,45,90729,7,3,loyal,5,20,1,59.33
3470,63,26716,5,3,loyal,10,0,0,0.0
3471,29,75796,6,6,new,20,10,0,0.0
3472,56,37186,5,3,new,10,20,1,385.3
3473,56,68651,8,3,regular,10,10,0,0.0
3474,64,58430,5,5,new,10,10,0,0.0
3475,33,100689,6,4,new,10,5,0,0.0
3476,29,106815,3,8,regular,0,5,0,0.0
3477,46,66146,7,5,new,0,5,0,0.0
3478,45,73699,3,5,regular,5,5,0,0.0
3479,39,82609,2,2,loyal,10,5,0,0.0
3480,58,85530,7,4,new,20,0,0,0.0
3481,59,83536,4,2,regular,0,20,0,0.0
3482,30,98301,4,5,regular,5,0,0,0.0
3483,59,118197,7,1,regular,5,0,1,404.96
3484,29,102812,4,3,loyal,10,5,0,0.0
3485,39,33471,7,2,new,10,20,0,0.0
3486,19,67628,3,2,loyal,5,10,1,151.37
3487,35,66129,12,5,regular,10,0,0,0.0
3488,67,70879,6,6,new,20,10,0,0.0
3489,41,72846,3,4,regular,10,5,0,0.0
3490,54,91800,5,4,regular,20,0,0,0.0
3491,23,62101,9,8,new,10,5,0,0.0
3492,51,46334,5,7,loyal,20,10,0,0.0
3493,37,65758,0,5,new,10,5,0,0.0
3494,56,105448,4,8,new,10,20,1,222.56
3495,66,51143,1,4,regular,5,20,0,0.0
3496,45,22078,5,4,regular,10,0,0,0.0
3497,23,117628,4,5,regular,10,10,0,0.0
3498,42,39577,5,4,regular,20,0,0,0.0
3499,24,80284,6,4,regular,10,5,0,0.0
3500,41,100019,3,4,regular,5,10,1,307.6
3501,21,47446,6,5,regular,0,5,0,0.0
3502,51,54025,6,3,new,20,10,0,0.0
3503,34,48049,3,3,regular,5,5,1,132.77
3504,28,34983,3,4,loyal,20,5,0,0.0
3505,18,35294,5,4,regular,0,10,1,471.25
3506,64,38675,3,2,regular,5,10,0,0.0
3507,61,65804,6,4,regular,0,5,0,0.0
3508,60,73075,3,6,new,5,20,0,0.0
3509,21,21598,6,3,new,0,10,0,0.0
3510,36,104618,6,3,new,20,0,0,0.0
3511,68,87591,8,3,regular,5,10,0,0.0
3512,48,27065,4,5,new,5,10,0,0.0
3513,24,104271,6,6,new,5,10,1,249.49
3514,25,23048,4,2,loyal,0,5,1,56.46
3515,31,76052,0,6,regular,0,0,0,0.0
3516,68,66516,2,5,regular,0,5,0,0.0
3517,26,70213,2,6,new,0,10,0,0.0
3518,64,115618,6,7,regular,20,20,0,0.0
3519,53,112706,4,1,new,10,5,0,0.0
3520,65,47900,7,3,new,5,10,0,0.0
3521,60,77966,9,8,loyal,5,10,1,67.45
3522,35,115917,5,1,regular,0,20,0,0.0
3523,61,92885,3,4,loyal,5,20,1,252.13
3524,26,108768,7,5,regular,5,5,1,293.75
3525,33,63482,7,7,new,20,5,1,173.51
3526,29,48313,7,5,regular,10,10,0,0.0
3527,24,71065,9,6,new,0,5,0,0.0
3528,22,101694,5,2,new,5,0,0,0.0
3529,27,112881,3,5,new,0,10,0,0.0
3530,24,88586,6,3,loyal,0,20,0,0.0
3531,37,90652,7,1,regular,10,5,1,246.69
3532,21,71182,3,5,regular,5,10,1,332.99
3533,21,51960,4,2,regular,0,10,1,241.75
3534,69,62291,3,7,new,10,20,1,364.4
3535,22,69770,9,4,regular,5,10,0,0.0
3536,21,101550,9,3,new,5,10,1,196.83
3537,19,75534,4,1,new,0,20,0,0.0
3538,24,99307,4,5,regular,10,0,0,0.0
3539,45,22736,3,3,new,5,0,0,0.0
3540,61,95693,5,5,regular,10,10,0,0.0
3541,56,70706,2,2,regular,5,20,0,0.0
3542,48,119825,6,6,regular,10,20,0,0.0
3543,22,67172,3,1,loyal,10,5,1,421.5
3544,58,67851,4,3,regular,0,0,0,0.0
3545,19,32747,4,2,regular,0,10,0,0.0
3546,50,100692,5,4,regular,5,5,0,0.0
3547,39,90152,12,4,new,5,0,0,0.0
3548,63,106247,5,5,loyal,20,10,0,0.0
3549,33,29274,1,6,regular,0,20,0,0.0
3550,51,41160,4,3,regular,0,10,0,0.0
3551,40,107697,7,4,new,5,5,0,0.0
3552,45,24206,4,3,loyal,20,0,0,0.0
3553,66,70820,2,4,regular,5,20,1,86.36
3554,55,60474,9,1,new,5,0,1,62.18
3555,39,113942,15,1,regular,20,10,0,0.0
3556,41,105673,11,2,regular,10,0,1,273.89
3557,54,109671,7,1,regular,20,5,0,0.0
3558,35,48910,2,2,new,5,10,0,0.0
3559,26,78750,7,1,regular,0,20,1,413.57
3560,42,90001,7,7,new,10,20,1,330.52
3561,21,116746,3,2,new,5,20,1,259.08
3562,26,20734,4,3,regular,0,10,0,0.0
3563,39,117702,7,5,regular,10,10,0,0.0
3564,59,55536,6,4,regular,20,5,0,0.0
3565,58,32827,7,7,loyal,20,0,0,0.0
3566,31,81551,4,6,new,0,0,0,0.0
3567,39,98154,9,2,regular,20,0,1,384.99
3568,25,32975,1,4,regular,0,20,1,417.89
3569,57,24077,4,6,regular,10,10,0,0.0
3570,30,109660,11,3,new,0,20,0,0.0
3571,59,113370,4,6,regular,10,5,0,0.0
3572,61,35627,7,3,regular,20,10,0,0.0
3573,53,110406,8,3,new,0,0,0,0.0
3574,35,110979,6,2,new,20,10,0,0.0
3575,67,119742,3,5,regular,0,5,0,0.0
3576,53,41638,8,5,regular,5,20,0,0.0
3577,51,77878,8,5,new,0,5,1,305.54
3578,62,119427,7,4,new,0,10,0,0.0
3579,63,110264,4,2,regular,5,20,1,67.81
3580,22,80474,4,5,regular,20,5,0,0.0
3581,63,39711,2,3,regular,20,20,0,0.0
3582,57,28434,8,5,regular,0,0,1,234.06
3583,28,45916,4,2,new,10,20,0,0.0
3584,33,26527,8,2,new,0,0,0,0.0
3585,57,39526,5,5,regular,20,10,1,155.16
3586,29,27492,2,6,new,0,5,0,0.0
3587,41,96223,5,3,regular,20,0,0,0.0
3588,53,78989,3,8,regular,5,5,0,0.0
3589,51,71788,8,7,regular,0,0,0,0.0
3590,65,100957,2,4,regular,20,0,0,0.0
3591,23,61081,6,5,new,0,10,1,498.92
3592,33,60296,7,7,regular,10,10,1,241.71
3593,69,40692,6,3,new,10,10,0,0.0
3594,47,64483,10,10,new,5,10,0,0.0
3595,30,37451,4,3,new,10,10,0,0.0
3596,33,78928,6,5,regular,20,10,0,0.0
3597,35,119745,4,3,loyal,10,10,1,292.22
3598,46,73304,7,6,regular,20,20,1,110.86
3599,32,49903,7,3,regular,5,20,0,0.0
3600,50,88806,5,5,regular,0,20,1,420.1
3601,41,102000,8,1,regular,5,5,0,0.0
3602,49,67178,7,3,regular,0,0,0,0.0
3603,26,45032,5,6,loyal,0,5,0,0.0
3604,50,91386,6,4,loyal,0,20,0,0.0
3605,66,38726,8,3,regular,0,10,0,0.0
3606,25,119731,2,3,new,5,0,0,0.0
3607,35,51781,5,1,regular,5,5,0,0.0
3608,54,55029,5,8,new,0,10,0,0.0
3609,50,92693,6,6,regular,10,20,0,0.0
3610,53,21221,6,4,regular,5,10,0,0.0
3611,47,40286,5,5,regular,5,20,0,0.0
3612,53,32562,3,1,loyal,0,10,0,0.0
3613,49,59106,4,6,loyal,5,20,0,0.0
3614,21,75351,3,4,new,20,20,1,149.46
3615,57,37961,5,5,regular,0,10,1,260.41
3616,41,54425,3,5,loyal,5,20,1,247.14
3617,20,97219,4,4,loyal,5,0,0,0.0
3618,39,113998,2,1,regular,10,0,0,0.0
3619,40,21427,6,3,new,20,5,0,0.0
3620,22,82744,2,4,regular,10,10,0,0.0
3621,69,22568,3,1,regular,10,5,1,386.92
3622,29,72035,6,3,new,20,5,0,0.0
3623,35,107947,5,4,loyal,10,5,1,128.19
3624,40,99803,2,3,regular,5,5,0,0.0
3625,61,43272,5,1,loyal,10,20,0,0.0
3626,56,45858,6,4,new,5,0,0,0.0
3627,58,98351,3,4,regular,20,0,0,0.0
3628,30,101973,3,6,regular,5,20,1,358.35
3629,61,48090,10,3,regular,10,20,0,0.0
3630,61,20306,6,2,loyal,0,5,0,0.0
3631,42,64445,4,9,regular,10,5,1,68.61
3632,46,81967,4,0,regular,0,20,1,197.31
3633,19,64375,6,3,loyal,10,5,0,0.0
3634,57,113475,5,3,regular,0,20,1,363.06
3635,67,101360,5,2,regular,0,0,0,0.0
3636,42,98785,3,6,new,10,20,1,395.29
3637,46,22028,8,3,regular,10,10,0,0.0
3638,43,105363,7,4,regular,20,10,1,181.01
3639,22,95524,2,4,regular,20,5,0,0.0
3640,50,59695,6,4,new,5,20,1,239.47
3641,55,78954,6,0,loyal,20,5,1,166.4
3642,66,102423,6,1,loyal,20,5,1,463.69
3643,66,110622,4,2,regular,0,5,0,0.0
3644,43,75083,8,2,regular,5,10,1,460.68
3645,67,24134,5,2,new,10,0,0,0.0
3646,45,81854,10,1,regular,10,10,0,0.0
3647,51,88001,2,4,regular,20,5,0,0.0
3648,49,25891,3,1,regular,10,5,0,0.0
3649,69,101731,7,3,regular,5,0,0,0.0
3650,56,40155,6,1,regular,0,10,1,304.85
3651,24,109046,3,3,regular,20,0,1,65.84
3652,21,75096,5,8,new,5,20,0,0.0
3653,39,52212,14,9,new,20,0,0,0.0
3654,44,25880,7,2,regular,20,0,0,0.0
3655,52,21786,4,1,regular,10,0,0,0.0
3656,43,94144,6,5,regular,0,20,1,249.5
3657,44,57716,7,4,regular,10,10,0,0.0
3658,65,104005,1,5,loyal,5,5,0,0.0
3659,35,43052,5,4,new,10,5,0,0.0
3660,43,112036,7,5,regular,5,10,0,0.0
3661,46,114157,9,0,loyal,0,5,0,0.0
3662,42,30176,3,2,loyal,10,20,0,0.0
3663,68,84693,3,3,regular,20,10,0,0.0
3664,68,113972,10,3,regular,0,20,1,119.24
3665,44,52309,4,1,new,0,20,0,0.0
3666,41,26762,7,3,loyal,5,10,1,250.7
3667,48,107548,7,5,loyal,10,0,0,0.0
3668,27,67405,6,9,regular,5,20,1,201.06
3669,40,22707,8,5,new,10,0,0,0.0
3670,29,104025,2,0,new,5,10,1,288.66
3671,25,87886,5,5,regular,5,20,1,251.04
3672,22,27031,9,3,regular,5,5,0,0.0
3673,48,45867,4,5,regular,5,20,0,0.0
3674,18,21823,2,5,regular,5,10,1,435.45
3675,51,115487,4,7,loyal,0,20,0,0.0
3676,40,22494,4,1,loyal,10,0,0,0.0
3677,37,99585,2,2,regular,20,5,1,360.76
3678,58,71127,3,3,regular,5,10,0,0.0
3679,46,78273,7,7,regular,5,20,0,0.0
3680,56,101159,5,5,regular,20,0,0,0.0
3681,54,109496,8,5,regular,5,10,1,242.9
3682,19,32742,3,4,loyal,5,5,0,0.0
3683,29,21787,7,6,new,5,20,0,0.0
3684,47,32461,4,10,regular,0,5,0,0.0
3685,68,88250,5,1,new,5,20,1,207.02
3686,26,76854,3,5,regular,5,0,1,130.17
3687,23,28388,6,3,loyal,5,20,0,0.0
3688,66,43429,5,8,regular,20,10,0,0.0
3689,68,73723,4,5,loyal,20,0,0,0.0
3690,26,93021,8,2,loyal,0,5,0,0.0
3691,38,54340,7,2,regular,0,0,0,0.0
3692,50,114963,1,6,new,5,20,1,478.57
3693,28,119224,3,7,new,10,0,1,162.51
3694,34,96603,4,6,loyal,20,0,0,0.0
3695,38,65426,4,3,regular,20,10,0,0.0
3696,51,107717,4,7,regular,0,5,1,111.39
3697,34,92789,4,4,new,10,10,0,0.0
3698,39,71958,5,5,new,20,5,1,491.31
3699,33,64378,6,3,regular,0,0,0,0.0
3700,57,103231,2,2,new,5,10,0,0.0
3701,25,75707,3,4,regular,5,20,0,0.0
3702,29,38290,10,6,loyal,0,0,0,0.0
3703,30,119981,8,4,regular,5,5,1,261.5
3704,65,26834,7,5,regular,20,20,1,452.42
3705,67,89501,11,2,new,0,20,1,171.41
3706,44,85595,6,4,regular,5,0,1,135.29
3707,26,78616,6,3,regular,20,20,1,173.95
3708,57,25195,6,0,new,0,5,0,0.0
3709,43,69259,7,4,regular,20,10,0,0.0
3710,62,109248,8,3,regular,10,10,1,375.33
3711,36,43953,4,3,loyal,0,5,0,0.0
3712,69,89155,6,2,regular,20,0,1,233.01
3713,59,105875,5,4,loyal,0,5,0,0.0
3714,29,115220,6,6,regular,5,10,1,412.77
3715,55,71613,4,7,new,20,20,1,209.34
3716,32,51388,5,0,new,10,0,0,0.0
3717,36,89961,5,2,loyal,5,0,0,0.0
3718,31,68615,6,2,new,0,20,1,120.45
3719,53,82708,3,5,regular,0,0,0,0.0
3720,31,94169,5,6,loyal,0,5,0,0.0
3721,51,91028,8,4,loyal,0,5,0,0.0
3722,48,44277,4,1,regular,0,10,1,163.09
3723,57,95579,4,5,new,10,5,0,0.0
3724,69,74184,3,3,new,20,5,0,0.0
3725,18,113076,4,2,regular,20,20,0,0.0
3726,69,85946,5,2,regular,0,20,0,0.0
3727,23,109180,5,1,regular,20,5,1,57.7
3728,45,117880,7,4,regular,20,5,0,0.0
3729,35,119450,4,5,regular,10,5,0,0.0
3730,51,94470,9,0,new,5,10,0,0.0
3731,55,79729,7,1,regular,5,5,1,199.83
3732,62,31813,3,1,regular,5,10,1,249.5
3733,38,58612,6,7,loyal,0,10,1,187.84
3734,66,67533,2,1,loyal,10,0,0,0.0
3735,34,98052,5,8,loyal,10,10,0,0.0
3736,28,78877,4,3,regular,0,10,0,0.0
3737,37,63913,5,3,loyal,0,20,1,393.56
3738,45,34662,5,5,loyal,0,5,1,484.3
3739,52,91580,4,3,regular,5,5,0,0.0
3740,61,63196,5,9,regular,5,0,0,0.0
3741,29,23614,4,4,regular,10,0,0,0.0
3742,33,48400,9,3,loyal,5,10,0,0.0
3743,66,107945,5,6,regular,5,5,0,0.0
3744,40,31882,6,4,loyal,5,10,0,0.0
3745,30,60614,7,2,new,10,5,1,275.3
3746,69,71204,2,4,regular,0,0,0,0.0
3747,41,28374,2,3,new,5,20,0,0.0
3748,69,36563,3,9,loyal,5,10,0,0.0
3749,65,114027,3,4,loyal,20,10,0,0.0
3750,65,79053,3,4,regular,20,5,0,0.0
3751,48,41034,4,4,regular,20,0,0,0.0
3752,59,36969,7,3,new,10,20,0,0.0
3753,67,62573,5,5,loyal,20,10,0,0.0
3754,31,92359,11,3,regular,20,10,1,326.51
3755,19,93039,6,1,new,20,20,1,420.75
3756,34,39524,9,3,loyal,5,0,0,0.0
3757,51,92562,6,3,new,5,0,0,0.0
3758,46,109628,3,6,new,5,10,1,276.22
3759,22,42633,6,1,regular,10,20,0,0.0
3760,47,22620,8,4,regular,5,5,1,261.58
3761,27,115889,7,3,loyal,10,0,0,0.0
3762,44,72199,9,7,loyal,0,20,1,281.73
3763,47,97645,6,2,new,0,0,0,0.0
3764,51,52010,1,3,new,5,5,0,0.0
3765,39,49916,5,2,regular,20,5,0,0.0
3766,39,42507,10,5,regular,5,0,0,0.0
3767,53,41702,5,2,loyal,5,20,0,0.0
3768,56,67160,5,3,new,10,5,1,279.28
3769,60,30578,4,8,new,20,10,1,288.67
3770,35,104201,7,4,new,0,0,0,0.0
3771,40,71122,3,1,new,5,20,0,0.0
3772,35,111527,1,2,new,20,5,0,0.0
3773,45,70218,5,2,regular,20,0,0,0.0
3774,24,50324,4,6,loyal,20,10,0,0.0
3775,40,71491,5,6,loyal,5,10,0,0.0
3776,27,35424,5,2,new,10,10,0,0.0
3777,45,102409,6,4,new,20,20,1,226.33
3778,62,92014,8,4,regular,5,5,0,0.0
3779,69,34715,4,5,regular,20,5,0,0.0
3780,41,78199,1,5,regular,10,0,1,363.06
3781,20,73799,7,9,regular,0,20,0,0.0
3782,29,40101,2,2,loyal,0,5,0,0.0
3783,23,32208,9,3,new,10,20,1,403.8
3784,57,96029,10,2,new,10,10,1,341.21
3785,69,46404,3,2,new,20,20,1,333.44
3786,46,71893,4,1,regular,5,10,0,0.0
3787,27,44771,5,4,new,10,20,1,498.49
3788,19,85339,5,3,regular,20,20,0,0.0
3789,68,24898,7,3,regular,10,0,0,0.0
3790,34,55933,4,5,new,5,0,1,414.79
3791,23,74706,4,6,loyal,20,0,0,0.0
3792,27,63909,7,3,loyal,10,10,0,0.0
3793,31,81239,4,3,regular,5,0,0,0.0
3794,52,38034,5,6,loyal,20,0,0,0.0
3795,64,64180,7,0,new,0,0,0,0.0
3796,32,95651,3,5,loyal,20,20,0,0.0
3797,53,53360,6,0,regular,0,5,0,0.0
3798,21,35701,4,4,new,0,10,0,0.0
3799,18,104774,4,1,regular,0,5,0,0.0
3800,20,97830,5,2,regular,10,5,0,0.0
3801,66,88041,3,6,regular,0,0,0,0.0
3802,48,99800,6,3,loyal,20,10,1,51.79
3803,59,97881,3,2,regular,0,10,1,195.99
3804,19,94660,2,6,loyal,5,20,0,0.0
3805,19,70942,4,4,loyal,5,20,1,354.19
3806,62,21942,3,1,regular,0,0,1,186.85
3807,23,79707,3,3,regular,20,10,0,0.0
3808,26,47313,7,6,new,20,5,0,0.0
3809,44,97329,10,4,regular,20,10,0,0.0
3810,49,66833,5,3,new,20,5,0,0.0
3811,29,110527,9,3,new,0,5,1,292.58
3812,41,79554,7,1,regular,0,0,0,0.0
3813,53,75053,1,2,new,20,5,1,246.81
3814,41,111922,3,3,loyal,0,0,0,0.0
3815,37,67506,4,2,loyal,10,5,0,0.0
3816,21,57560,6,3,new,0,0,0,0.0
3817,41,57151,5,1,new,10,0,0,0.0
3818,59,107502,6,8,loyal,20,5,0,0.0
3819,50,95627,3,4,new,0,20,0,0.0
3820,64,36342,3,2,loyal,20,20,0,0.0
3821,24,69248,4,4,regular,5,20,0,0.0
3822,18,57128,2,4,regular,5,20,0,0.0
3823,46,84670,9,5,new,20,0,1,289.39
3824,27,25228,6,3,regular,20,0,0,0.0
3825,48,91412,8,2,loyal,10,20,1,416.35
3826,65,94248,6,4,regular,0,20,0,0.0
3827,35,42658,7,4,loyal,5,10,0,0.0
3828,46,35065,3,4,regular,5,5,1,52.35
3829,53,82753,3,1,loyal,20,5,1,137.9
3830,25,45702,3,0,regular,0,0,0,0.0
3831,64,114157,5,6,regular,20,20,0,0.0
3832,28,97523,5,3,loyal,20,10,0,0.0
3833,60,115501,7,6,loyal,0,0,1,57.91
3834,52,73471,4,3,loyal,0,5,0,0.0
3835,25,113848,2,3,new,20,20,0,0.0
3836,55,21397,6,6,loyal,20,5,1,401.56
3837,28,48993,4,5,regular,5,20,0,0.0
3838,49,20223,3,5,regular,20,5,0,0.0
3839,67,87755,6,6,loyal,20,20,1,192.46
3840,67,71066,2,2,new,20,10,0,0.0
3841,63,48767,3,4,regular,5,20,1,287.74
3842,43,50495,3,7,regular,10,5,1,86.83
3843,47,84375,6,5,regular,0,10,1,317.32
3844,33,38031,8,3,new,10,5,0,0.0
3845,65,71455,6,5,new,0,0,0,0.0
3846,42,81359,2,3,regular,0,0,0,0.0
3847,58,43997,6,4,regular,5,5,0,0.0
3848,36,42843,6,3,new,0,10,0,0.0
3849,56,55422,5,1,new,5,10,0,0.0
3850,29,79220,5,2,new,10,20,1,90.96
3851,56,45439,9,5,regular,20,20,0,0.0
3852,20,57926,4,6,regular,5,5,0,0.0
3853,23,74344,4,2,new,10,0,0,0.0
3854,36,38674,6,4,regular,5,10,1,336.39
3855,43,76892,4,3,regular,10,20,0,0.0
3856,54,33810,3,5,new,0,10,0,0.0
3857,36,34253,4,7,new,10,10,1,256.2
3858,18,43686,9,5,new,10,5,0,0.0
3859,34,48651,3,3,regular,10,20,0,0.0
3860,40,22983,5,2,regular,0,20,0,0.0
3861,46,116160,7,5,new,20,20,1,161.64
3862,51,50812,3,7,regular,0,0,0,0.0
3863,30,100461,4,2,loyal,0,5,0,0.0
3864,49,110195,6,2,loyal,0,0,0,0.0
3865,50,100064,5,2,regular,10,10,0,0.0
3866,58,103136,3,2,regular,0,0,0,0.0
3867,45,30007,9,2,loyal,20,20,0,0.0
3868,60,57200,2,2,new,10,20,1,258.12
3869,29,94618,6,2,new,5,20,1,454.45
3870,55,77583,3,7,regular,0,0,0,0.0
3871,20,20565,5,6,new,0,10,0,0.0
3872,23,76736,0,7,loyal,10,20,0,0.0
3873,62,100451,3,2,regular,5,5,0,0.0
3874,42,102873,4,3,loyal,10,0,0,0.0
3875,50,58388,8,3,regular,5,20,1,220.95
3876,49,43629,5,2,new,0,5,1,218.51
3877,54,50955,6,5,loyal,20,20,0,0.0
3878,30,49638,7,2,regular,5,10,1,351.42
3879,27,54657,5,7,regular,20,5,0,0.0
3880,20,50178,10,7,regular,0,20,1,313.2
3881,62,65719,4,5,new,10,20,0,0.0
3882,29,24086,5,6,regular,5,0,1,181.34
3883,47,47519,5,6,new,5,5,0,0.0
3884,41,51468,5,6,loyal,20,10,0,0.0
3885,26,35334,8,8,new,0,20,1,252.1
3886,39,107791,2,4,new,10,20,0,0.0
3887,22,87548,4,3,regular,5,0,1,464.96
3888,27,111198,3,5,regular,20,20,1,427.66
3889,25,76157,4,4,new,0,5,0,0.0
3890,60,30963,2,5,new,20,20,0,0.0
3891,47,110461,4,4,regular,20,0,0,0.0
3892,66,65805,5,3,new,0,20,0,0.0
3893,40,88443,7,7,regular,10,10,1,143.42
3894,28,58134,6,3,loyal,20,5,0,0.0
3895,49,69428,3,7,new,20,5,0,0.0
3896,66,68935,4,3,new,5,0,0,0.0
3897,45,48470,4,4,regular,5,20,0,0.0
3898,18,75471,4,3,regular,5,5,0,0.0
3899,33,93373,7,7,regular,5,10,1,71.2
3900,66,22025,4,5,loyal,10,0,1,203.28
3901,44,33090,4,5,loyal,20,5,0,0.0
3902,67,104224,5,6,regular,10,20,0,0.0
3903,44,76964,5,1,new,20,0,0,0.0
3904,18,117366,4,3,new,20,5,0,0.0
3905,63,80467,6,4,regular,20,10,0,0.0
3906,57,85340,8,8,new,20,5,1,356.21
3907,55,109901,5,5,loyal,5,10,0,0.0
3908,68,86045,4,1,regular,5,20,1,92.03
3909,28,52962,7,4,new,5,5,1,471.39
3910,65,72797,7,5,regular,20,5,0,0.0
3911,30,43561,9,2,regular,10,0,0,0.0
3912,68,53427,2,3,loyal,20,5,0,0.0
3913,27,88028,5,4,regular,20,20,0,0.0
3914,46,34897,5,7,regular,10,5,0,0.0
3915,59,87197,4,7,new,20,10,1,90.86
3916,22,78406,5,6,regular,10,20,0,0.0
3917,21,50838,5,3,regular,0,0,0,0.0
3918,62,24494,7,8,loyal,10,5,0,0.0
3919,21,90462,1,3,loyal,10,20,0,0.0
3920,49,102450,5,3,loyal,10,5,0,0.0
3921,66,93007,6,2,regular,5,5,0,0.0
3922,49,62091,0,3,regular,0,0,1,477.66
3923,43,85353,3,3,regular,5,0,0,0.0
3924,39,61475,9,2,regular,0,10,0,0.0
3925,51,55826,3,5,regular,20,20,0,0.0
3926,47,52717,6,5,new,5,10,0,0.0
3927,44,41085,4,0,new,20,10,0,0.0
3928,25,116935,4,2,regular,20,5,1,370.36
3929,52,86621,4,3,new,20,10,1,228.01
3930,56,37491,5,4,regular,5,10,0,0.0
3931,54,106503,6,1,new,5,0,0,0.0
3932,21,35130,4,11,regular,0,5,1,134.2
3933,54,79367,7,2,regular,0,10,0,0.0
3934,55,36553,4,3,regular,5,0,0,0.0
3935,27,56123,2,3,loyal,5,10,0,0.0
3936,62,85852,4,6,regular,5,0,0,0.0
3937,45,119912,6,7,new,10,5,0,0.0
3938,42,119189,2,3,regular,20,0,0,0.0
3939,55,109556,2,2,loyal,0,5,1,209.88
3940,44,43547,7,4,regular,5,5,0,0.0
3941,46,29350,7,3,regular,0,0,1,445.63
3942,34,110561,4,8,regular,10,20,1,356.57
3943,66,112314,6,5,regular,0,20,0,0.0
3944,68,47861,4,5,loyal,20,5,1,89.55
3945,24,21917,6,3,new,10,10,1,288.59
3946,56,84789,3,1,loyal,20,10,0,0.0
3947,19,27609,7,2,regular,10,5,1,288.91
3948,37,24049,4,4,regular,20,20,1,187.44
3949,68,113714,3,6,regular,5,20,0,0.0
3950,27,69565,4,2,new,20,10,0,0.0
3951,37,31204,2,6,new,5,10,0,0.0
3952,29,85456,11,3,new,5,20,1,363.39
3953,55,56919,5,5,regular,5,20,0,0.0
3954,42,73631,4,4,regular,20,5,0,0.0
3955,48,109886,4,4,loyal,20,20,1,155.16
3956,67,43783,7,3,regular,10,10,0,0.0
3957,45,84650,3,3,regular,5,20,1,91.76
3958,56,102849,5,4,regular,5,10,1,329.97
3959,23,62377,7,3,regular,10,20,0,0.0
3960,29,117013,4,8,new,10,0,1,125.76
3961,67,64830,1,3,new,5,20,0,0.0
3962,62,65919,8,3,regular,20,5,0,0.0
3963,52,108419,5,8,loyal,0,0,1,324.59
3964,37,83591,2,3,regular,0,10,0,0.0
3965,28,106870,3,7,regular,0,10,0,0.0
3966,62,99041,8,1,new,20,0,0,0.0
3967,58,91236,2,6,regular,0,0,0,0.0
3968,30,44148,1,7,loyal,10,10,0,0.0
3969,48,59884,2,3,regular,20,20,1,93.95
3970,50,106445,1,3,new,5,10,1,398.47
3971,42,81603,4,2,loyal,20,5,0,0.0
3972,66,48020,4,3,new,5,5,0,0.0
3973,24,52735,3,7,regular,5,10,0,0.0
3974,31,97583,7,1,new,5,5,1,349.26
3975,22,37818,3,7,loyal,5,10,0,0.0
3976,54,31209,3,2,loyal,5,20,0,0.0
3977,51,96511,7,3,new,0,20,0,0.0
3978,69,48838,3,2,loyal,0,20,1,448.06
3979,46,96541,7,1,loyal,5,10,0,0.0
3980,25,73361,7,6,regular,0,5,1,294.66
3981,41,119781,3,2,regular,5,0,0,0.0
3982,22,72492,6,6,regular,5,5,0,0.0
3983,52,106748,2,5,new,10,5,0,0.0
3984,53,105043,5,6,regular,0,5,0,0.0
3985,62,41198,7,2,regular,10,20,0,0.0
3986,35,119612,8,5,new,0,10,0,0.0
3987,34,94580,7,2,regular,0,0,0,0.0
3988,21,30721,7,3,new,20,0,1,169.59
3989,39,20603,6,6,regular,20,0,1,64.56
3990,42,47138,4,3,regular,10,5,0,0.0
3991,57,21624,10,5,new,0,20,1,178.69
3992,57,55759,1,1,new,20,0,0,0.0
3993,25,119636,5,2,regular,20,10,0,0.0
3994,32,67891,3,3,loyal,10,0,1,99.99
3995,44,22390,6,4,regular,5,0,1,340.01
3996,35,69390,6,5,loyal,5,0,1,471.32
3997,19,41910,5,2,loyal,0,5,0,0.0
3998,61,105619,4,3,regular,20,0,1,467.23
3999,56,29056,5,3,regular,20,0,0,0.0
4000,45,97055,3,4,regular,10,0,0,0.0
4001,34,64596,8,6,new,10,20,1,417.0
4002,61,21885,1,1,new,10,5,0,0.0
4003,19,87313,4,6,new,5,0,0,0.0
4004,41,65502,9,2,regular,0,0,0,0.0
4005,59,97155,6,2,new,5,0,0,0.0
4006,67,81807,7,5,new,0,20,1,287.15
4007,31,98725,8,4,regular,20,5,0,0.0
4008,51,66039,5,4,regular,0,0,0,0.0
4009,27,20793,2,3,regular,20,0,1,412.03
4010,24,33064,8,3,regular,0,20,1,463.38
4011,36,65890,5,3,regular,10,20,1,448.29
4012,64,59747,4,5,regular,20,10,0,0.0
4013,53,99436,4,3,regular,5,10,0,0.0
4014,43,61165,3,6,new,20,20,0,0.0
4015,32,106018,1,2,loyal,0,5,1,98.2
4016,25,38771,3,4,regular,0,0,0,0.0
4017,32,58487,11,3,regular,20,5,0,0.0
4018,25,95630,6,0,regular,0,20,0,0.0
4019,27,32409,4,3,loyal,10,5,0,0.0
4020,53,52140,6,4,regular,5,0,0,0.0
4021,24,95185,10,3,loyal,0,10,0,0.0
4022,20,78898,2,4,new,5,0,1,92.0
4023,46,97806,5,5,loyal,10,10,1,466.49
4024,32,71573,4,1,loyal,10,0,0,0.0
4025,41,105919,3,3,new,20,0,1,165.65
4026,25,107742,7,1,new,0,5,1,362.38
4027,28,117455,6,4,loyal,5,10,0,0.0
4028,40,32201,8,3,regular,5,0,0,0.0
4029,53,79118,4,3,new,0,0,0,0.0
4030,39,31426,7,4,regular,20,20,1,482.47
4031,46,42889,4,6,loyal,5,20,0,0.0
4032,45,50031,3,7,loyal,5,10,1,462.01
4033,31,84614,3,4,regular,10,5,0,0.0
4034,32,63121,2,4,regular,20,20,0,0.0
4035,40,106473,2,2,regular,0,5,0,0.0
4036,19,49854,3,6,new,10,10,0,0.0
4037,53,81722,4,4,new,0,0,0,0.0
4038,49,96318,6,5,new,5,0,1,489.58
4039,33,118030,6,3,new,20,5,0,0.0
4040,37,44526,6,3,regular,10,10,0,0.0
4041,35,93360,1,5,new,20,0,1,466.4
4042,51,28477,7,7,regular,10,0,1,374.13
4043,57,74343,3,7,regular,5,0,0,0.0
4044,23,61379,9,5,new,20,20,0,0.0
4045,39,115854,5,2,regular,10,5,0,0.0
4046,18,97337,5,7,new,0,10,0,0.0
4047,41,112725,6,4,regular,20,20,0,0.0
4048,30,105056,7,3,new,10,5,0,0.0
4049,35,61067,11,3,regular,20,0,1,352.42
4050,41,93334,7,6,regular,10,10,0,0.0
4051,34,23046,4,6,regular,0,5,1,308.0
4052,38,75788,7,0,new,5,20,0,0.0
4053,57,24730,3,5,loyal,20,20,0,0.0
4054,60,92419,7,3,regular,10,20,0,0.0
4055,18,116672,7,5,regular,0,5,0,0.0
4056,37,88138,3,5,regular,0,10,0,0.0
4057,62,103993,7,3,loyal,5,5,1,351.83
4058,45,43436,5,2,regular,5,10,0,0.0
4059,28,119390,8,6,regular,10,5,1,242.61
4060,48,75075,3,4,regular,5,5,0,0.0
4061,25,87445,4,3,regular,5,0,0,0.0
4062,19,97060,8,7,regular,5,0,0,0.0
4063,50,83959,4,3,regular,0,0,1,132.35
4064,44,51712,5,6,regular,10,5,0,0.0
4065,57,81143,6,4,regular,0,0,0,0.0
4066,35,85397,5,3,regular,20,10,1,392.92
4067,62,105733,3,5,new,20,20,1,233.86
4068,39,68148,2,6,regular,0,20,1,365.93
4069,56,70179,7,4,regular,10,20,0,0.0
4070,23,70315,7,1,regular,5,10,1,171.13
4071,23,31442,4,10,regular,10,5,0,0.0
4072,58,29005,9,1,regular,5,20,1,230.12
4073,61,22043,3,5,new,5,10,0,0.0
4074,67,86621,8,4,regular,20,10,0,0.0
4075,34,61885,7,3,new,0,0,0,0.0
4076,19,106568,8,1,new,10,10,0,0.0
4077,68,90223,8,5,loyal,10,0,0,0.0
4078,49,34143,8,7,regular,20,0,0,0.0
4079,30,30007,5,2,regular,5,20,1,148.83
4080,57,56610,4,4,new,10,10,1,324.08
4081,65,112094,4,5,new,20,0,1,417.23
4082,32,24866,5,5,regular,10,0,0,0.0
4083,58,38740,2,7,new,5,20,1,228.42
4084,58,22963,3,3,new,20,10,1,435.65
4085,44,61366,5,4,loyal,20,0,0,0.0
4086,50,118965,6,5,regular,0,10,1,165.12
4087,32,88371,5,2,new,0,20,0,0.0
4088,66,69347,8,8,loyal,20,10,0,0.0
4089,69,34439,6,8,loyal,20,20,1,168.47
4090,69,55551,4,3,new,5,20,1,220.71
4091,56,72454,13,8,new,5,20,0,0.0
4092,20,47487,3,5,new,20,5,0,0.0
4093,37,90505,4,4,regular,0,20,1,168.39
4094,41,118001,2,2,regular,0,5,0,0.0
4095,67,40594,1,3,regular,10,5,0,0.0
4096,46,45225,2,8,regular,0,10,0,0.0
4097,45,32623,7,4,regular,0,20,1,344.72
4098,25,92570,10,4,new,0,5,1,490.5
4099,59,66172,4,2,regular,20,5,0,0.0
4100,35,48375,5,5,regular,0,5,0,0.0
4101,22,41918,5,4,regular,20,5,0,0.0
4102,69,27048,2,5,new,0,0,1,354.26
4103,27,67615,6,1,regular,20,20,0,0.0
4104,18,88327,8,4,regular,5,20,0,0.0
4105,22,43502,5,5,new,5,20,0,0.0
4106,41,20163,4,6,regular,0,0,0,0.0
4107,23,67332,5,4,regular,5,0,0,0.0
4108,61,87574,3,2,regular,0,20,0,0.0
4109,44,54499,6,3,regular,0,20,0,0.0
4110,34,45037,8,6,regular,5,5,0,0.0
4111,18,35429,5,5,regular,5,5,0,0.0
4112,42,94610,7,6,new,10,10,0,0.0
4113,25,106156,4,4,regular,20,5,0,0.0
4114,68,96975,6,5,new,0,10,0,0.0
4115,33,71818,6,2,regular,5,20,1,439.75
4116,42,92410,3,3,loyal,10,5,0,0.0
4117,18,59691,6,5,new,5,0,1,382.05
4118,24,22448,6,6,regular,10,5,0,0.0
4119,28,56757,6,5,regular,5,20,0,0.0
4120,20,90373,2,4,regular,5,10,1,269.22
4121,55,84734,4,7,regular,10,0,0,0.0
4122,67,119014,5,4,new,0,0,0,0.0
4123,69,119749,6,3,new,0,20,0,0.0
4124,31,44262,10,6,new,10,0,0,0.0
4125,59,20956,2,4,loyal,10,0,1,95.56
4126,44,47423,4,6,regular,20,10,0,0.0
4127,20,107613,9,1,regular,10,0,0,0.0
4128,22,101352,7,2,loyal,5,10,0,0.0
4129,46,29875,2,7,regular,5,0,0,0.0
4130,40,36039,3,3,loyal,10,20,1,227.82
4131,18,76352,5,1,loyal,0,0,0,0.0
4132,66,86058,4,6,new,0,5,0,0.0
4133,55,118233,6,2,loyal,20,5,0,0.0
4134,44,95502,1,1,regular,20,5,1,355.12
4135,69,41185,7,3,regular,20,5,1,498.51
4136,68,23716,1,5,regular,10,10,0,0.0
4137,68,83361,5,6,new,20,5,1,54.1
4138,31,75376,2,4,regular,5,10,0,0.0
4139,63,112175,1,6,regular,0,10,0,0.0
4140,44,77587,5,1,regular,10,5,0,0.0
4141,55,70124,4,2,regular,0,20,1,379.18
4142,62,50344,6,2,regular,20,0,0,0.0
4143,26,28626,4,3,new,10,20,0,0.0
4144,41,107634,3,4,new,10,0,1,137.11
4145,24,102606,5,3,regular,10,10,0,0.0
4146,32,36274,7,4,regular,5,0,0,0.0
4147,39,90389,7,5,regular,10,10,1,106.41
4148,62,56419,3,9,regular,5,5,0,0.0
4149,62,63703,7,0,regular,0,0,0,0.0
4150,38,104866,3,6,loyal,0,5,0,0.0
4151,35,104202,5,6,new,0,5,1,352.8
4152,45,39064,9,6,regular,20,0,0,0.0
4153,65,50760,2,7,regular,5,5,0,0.0
4154,68,102137,5,5,new,10,10,1,266.56
4155,29,111699,3,4,new,0,0,1,362.61
4156,27,27906,8,6,loyal,5,5,0,0.0
4157,54,103359,7,3,new,5,5,0,0.0
4158,33,68922,1,3,regular,20,10,0,0.0
4159,28,79031,4,1,new,20,10,0,0.0
4160,19,27533,1,3,new,10,20,0,0.0
4161,38,88035,3,7,regular,5,10,0,0.0
4162,38,87790,4,6,regular,0,5,0,0.0
4163,47,86270,4,1,regular,20,20,0,0.0
4164,28,99060,5,7,new,10,0,1,197.7
4165,55,114605,5,2,regular,5,20,0,0.0
4166,53,104985,9,4,loyal,20,5,0,0.0
4167,42,94478,6,4,regular,10,5,0,0.0
4168,27,118126,2,1,loyal,20,0,0,0.0
4169,44,87454,11,4,new,5,20,1,296.64
4170,53,87201,6,4,regular,5,0,0,0.0
4171,37,74205,11,4,regular,5,0,0,0.0
4172,31,96906,2,6,loyal,20,20,0,0.0
4173,44,27137,4,3,regular,20,20,0,0.0
4174,36,70575,4,2,new,5,0,0,0.0
4175,38,62532,3,5,regular,10,20,1,141.51
4176,36,111273,3,3,loyal,5,5,1,271.68
4177,33,27256,7,3,regular,5,20,1,305.95
4178,55,84375,5,3,loyal,10,0,0,0.0
4179,41,38432,2,4,regular,20,0,0,0.0
4180,42,108355,8,3,new,0,0,0,0.0
4181,51,105185,6,5,new,5,20,0,0.0
4182,36,43545,7,4,regular,5,5,0,0.0
4183,23,107170,5,8,new,10,0,0,0.0
4184,62,69673,8,3,regular,10,20,0,0.0
4185,20,117104,5,5,regular,20,5,1,252.24
4186,47,92981,7,2,new,0,0,0,0.0
4187,31,23446,1,2,new,10,20,0,0.0
4188,29,40272,6,5,loyal,5,10,0,0.0
4189,20,60359,4,1,regular,0,10,0,0.0
4190,64,41133,8,2,regular,20,0,1,435.51
4191,40,33243,6,6,regular,0,0,0,0.0
4192,35,117804,6,3,loyal,20,10,1,420.21
4193,56,106906,5,3,regular,5,20,1,201.51
4194,20,63461,1,6,regular,0,20,1,431.42
4195,47,41502,3,4,new,5,20,1,261.09
4196,43,38181,6,2,regular,20,5,0,0.0
4197,46,111577,7,2,new,20,10,1,461.27
4198,24,53146,3,3,new,5,5,0,0.0
4199,67,21259,5,8,new,5,5,1,359.02
4200,30,59737,7,6,new,0,10,1,444.43
4201,53,65433,2,2,regular,10,20,0,0.0
4202,56,82308,5,4,regular,20,0,0,0.0
4203,35,53868,11,2,new,0,10,1,306.47
4204,24,112301,6,2,regular,0,0,0,0.0
4205,33,84353,6,4,loyal,20,10,1,372.81
4206,59,118659,3,3,new,10,0,1,275.72
4207,65,56701,9,7,regular,5,20,0,0.0
4208,66,85169,6,2,new,10,5,0,0.0
4209,29,56534,10,4,regular,10,0,1,391.45
4210,49,89992,4,3,new,10,0,0,0.0
4211,25,94568,2,6,loyal,0,5,0,0.0
4212,54,52182,5,3,new,20,10,0,0.0
4213,39,113767,2,4,new,20,5,0,0.0
4214,55,105715,5,3,regular,20,0,0,0.0
4215,53,109449,4,5,regular,0,0,0,0.0
4216,69,41779,5,3,regular,5,10,0,0.0
4217,43,91785,4,5,new,5,5,1,431.54
4218,35,30638,6,3,regular,10,0,1,312.0
4219,45,30551,6,3,loyal,5,10,1,491.03
4220,26,117325,7,5,regular,5,0,0,0.0
4221,23,35289,7,12,new,20,10,0,0.0
4222,44,106413,3,3,loyal,10,5,0,0.0
4223,60,63080,6,5,regular,20,10,0,0.0
4224,45,50364,6,3,regular,10,10,0,0.0
4225,58,27349,3,2,new,10,5,0,0.0
4226,27,87517,4,3,new,5,0,0,0.0
4227,41,92133,9,7,regular,5,10,1,189.2
4228,49,66701,5,3,regular,5,20,1,499.53
4229,36,100994,3,4,regular,20,5,0,0.0
4230,18,52312,5,5,regular,10,10,0,0.0
4231,21,75167,8,4,new,5,0,1,414.3
4232,66,48677,8,4,loyal,20,5,0,0.0
4233,49,78222,7,6,new,20,20,0,0.0
4234,31,33602,9,3,loyal,0,0,0,0.0
4235,31,67616,8,5,regular,5,5,0,0.0
4236,20,74931,3,2,regular,10,20,1,68.64
4237,67,75654,10,6,regular,20,5,1,276.46
4238,23,64659,4,2,regular,20,0,0,0.0
4239,57,84357,5,4,loyal,0,10,1,199.73
4240,30,71218,5,2,loyal,5,10,0,0.0
4241,35,48323,5,5,regular,0,5,0,0.0
4242,32,41535,2,2,regular,0,10,0,0.0
4243,60,84772,5,2,regular,5,20,0,0.0
4244,19,113861,5,3,regular,20,10,0,0.0
4245,36,95319,5,3,regular,5,0,1,216.5
4246,32,83859,4,3,regular,0,10,0,0.0
4247,32,112153,5,1,regular,0,20,1,488.85
4248,28,109960,8,6,regular,10,5,1,436.63
4249,65,70647,2,1,loyal,10,0,1,137.9
4250,37,30927,5,8,loyal,5,10,1,241.56
4251,39,83428,9,6,regular,5,5,1,320.89
4252,38,82285,4,6,regular,20,20,0,0.0
4253,68,47735,6,3,regular,0,10,0,0.0
4254,35,104946,2,6,regular,20,20,0,0.0
4255,35,106995,3,1,new,20,5,0,0.0
4256,35,53092,6,3,regular,20,0,0,0.0
4257,35,67685,5,1,new,10,10,0,0.0
4258,22,39514,6,2,new,10,20,0,0.0
4259,49,37835,6,3,regular,20,0,1,299.16
4260,19,46502,3,3,regular,0,10,0,0.0
4261,29,56578,6,3,regular,20,20,1,207.91
4262,28,47293,3,2,regular,0,5,1,101.78
4263,33,35163,5,4,loyal,0,5,0,0.0
4264,57,64719,6,3,regular,0,5,0,0.0
4265,49,82356,4,3,loyal,0,5,0,0.0
4266,69,52596,4,4,new,10,10,0,0.0
4267,36,73354,2,4,new,0,10,1,279.25
4268,66,47127,3,2,new,10,20,0,0.0
4269,20,90386,6,2,loyal,0,10,1,284.66
4270,44,84851,2,10,regular,0,10,0,0.0
4271,59,116006,4,2,regular,5,10,0,0.0
4272,45,25303,2,4,loyal,20,20,0,0.0
4273,66,105314,5,4,regular,0,0,1,491.77
4274,34,54036,4,5,loyal,5,20,0,0.0
4275,19,26604,4,4,new,0,0,0,0.0
4276,58,88975,6,2,loyal,0,20,1,360.06
4277,21,37172,6,4,regular,10,10,1,286.99
4278,57,37584,8,2,new,20,20,0,0.0
4279,56,117965,10,3,new,10,20,1,401.91
4280,61,42092,10,4,regular,10,0,0,0.0
4281,42,74716,3,5,regular,5,10,0,0.0
4282,64,40066,8,2,new,0,5,0,0.0
4283,26,32399,5,4,regular,10,0,0,0.0
4284,40,20092,2,5,regular,20,5,0,0.0
4285,24,21604,7,1,new,10,10,1,294.9
4286,57,67376,5,1,loyal,0,10,1,204.03
4287,55,63400,5,5,loyal,20,0,1,211.43
4288,59,23895,5,5,new,0,10,1,215.01
4289,57,54959,6,4,loyal,10,10,0,0.0
4290,34,47293,4,3,regular,20,20,0,0.0
4291,21,77132,6,4,new,20,0,0,0.0
4292,66,119480,1,2,regular,10,10,1,394.8
4293,43,89164,5,3,new,20,20,0,0.0
4294,22,111839,5,3,regular,5,10,1,290.43
4295,66,39222,3,1,regular,0,0,0,0.0
4296,69,41507,6,4,loyal,0,20,1,275.2
4297,41,95080,6,5,new,20,0,0,0.0
4298,58,51000,7,6,regular,0,20,1,238.26
4299,19,104877,7,10,loyal,20,20,0,0.0
4300,22,66370,5,5,loyal,5,0,0,0.0
4301,32,40082,9,4,new,20,10,1,323.76
4302,52,104441,5,6,new,20,5,1,57.34
4303,24,75045,5,5,new,0,10,1,189.82
4304,19,100264,7,1,new,10,20,1,338.46
4305,52,65224,2,4,loyal,0,0,0,0.0
4306,58,32624,3,2,new,5,10,0,0.0
4307,56,88103,2,4,loyal,20,20,0,0.0
4308,59,32444,6,6,regular,20,0,0,0.0
4309,59,86329,3,3,new,0,20,0,0.0
4310,49,61673,14,4,regular,20,0,0,0.0
4311,45,99152,3,4,regular,0,0,0,0.0
4312,62,107009,3,5,new,5,10,0,0.0
4313,36,60737,8,4,loyal,10,20,0,0.0
4314,23,108208,7,3,new,0,20,0,0.0
4315,57,31089,2,7,loyal,0,0,1,290.96
4316,32,30736,2,6,new,0,20,1,209.9
4317,68,119353,3,3,regular,0,5,0,0.0
4318,39,77429,5,2,regular,10,5,0,0.0
4319,62,65071,5,2,regular,10,20,1,217.31
4320,20,35567,4,2,regular,5,20,0,0.0
4321,52,48899,7,13,new,20,20,1,410.85
4322,41,88612,3,2,new,20,20,1,358.54
4323,42,102171,7,4,regular,5,0,1,202.98
4324,31,111643,6,5,regular,5,10,1,381.59
4325,68,60773,10,5,loyal,5,10,0,0.0
4326,38,65476,5,5,new,10,10,1,184.45
4327,62,36329,3,4,regular,20,20,0,0.0
4328,40,28308,5,3,regular,0,0,0,0.0
4329,20,63785,4,5,regular,5,0,0,0.0
4330,63,77925,5,5,new,5,0,0,0.0
4331,27,30431,2,6,regular,5,0,0,0.0
4332,32,60851,4,3,regular,10,0,0,0.0
4333,62,84156,3,5,regular,0,5,0,0.0
4334,64,101089,2,5,regular,20,0,1,448.12
4335,65,113848,5,2,regular,5,20,0,0.0
4336,40,54034,2,2,loyal,5,0,0,0.0
4337,57,59172,2,7,regular,5,5,0,0.0
4338,35,107489,5,5,loyal,20,10,1,401.31
4339,56,89327,2,6,regular,0,10,1,243.5
4340,44,47370,6,2,regular,10,0,0,0.0
4341,20,88514,7,7,loyal,10,10,1,267.24
4342,39,35751,7,3,loyal,20,20,1,293.76
4343,42,64904,9,4,new,10,0,0,0.0
4344,31,50648,6,2,regular,10,20,1,153.45
4345,37,119264,1,8,new,5,20,0,0.0
4346,44,23491,2,2,new,0,5,0,0.0
4347,20,105676,12,5,loyal,0,5,1,329.52
4348,25,48124,4,2,loyal,0,20,0,0.0
4349,57,23622,8,4,regular,10,10,0,0.0
4350,36,86011,5,2,regular,10,5,0,0.0
4351,49,87803,6,9,regular,10,5,1,150.19
4352,47,34228,5,3,loyal,10,20,0,0.0
4353,46,23832,6,4,loyal,20,0,0,0.0
4354,39,31136,6,2,loyal,10,10,1,312.56
4355,43,60886,9,0,regular,5,0,0,0.0
4356,60,33238,7,4,new,0,0,0,0.0
4357,68,90304,7,4,new,0,0,1,51.64
4358,31,27755,3,3,new,0,10,0,0.0
4359,52,98891,2,4,regular,0,20,0,0.0
4360,68,107463,5,4,new,10,10,1,394.47
4361,18,91685,8,4,regular,10,5,0,0.0
4362,58,114411,6,2,loyal,10,20,1,289.04
4363,43,113923,11,7,regular,10,5,1,60.94
4364,68,24656,5,6,new,10,20,1,188.04
4365,48,54196,2,6,new,5,10,0,0.0
4366,61,96007,6,5,loyal,0,10,0,0.0
4367,26,53963,6,5,loyal,20,5,1,337.86
4368,25,93715,2,6,loyal,10,10,0,0.0
4369,66,97430,6,9,loyal,20,0,0,0.0
4370,45,119690,5,5,new,20,20,0,0.0
4371,47,52986,6,3,regular,5,0,1,130.42
4372,26,54787,8,1,new,5,20,0,0.0
4373,29,22427,5,7,new,5,10,0,0.0
4374,60,48550,5,5,regular,0,10,0,0.0
4375,33,48052,3,4,loyal,0,0,0,0.0
4376,48,65308,5,3,regular,5,0,0,0.0
4377,34,62118,1,1,new,20,5,0,0.0
4378,31,105657,8,4,loyal,0,20,1,477.07
4379,26,97379,8,2,new,0,5,0,0.0
4380,66,92859,8,7,regular,10,20,1,196.12
4381,66,20521,3,4,regular,5,5,1,333.76
4382,23,67162,11,5,new,0,10,1,412.08
4383,36,92959,4,8,regular,5,5,0,0.0
4384,47,44456,8,2,new,0,20,1,299.63
4385,37,62485,2,3,regular,5,5,0,0.0
4386,55,92701,10,8,regular,20,10,1,452.19
4387,31,99453,9,5,regular,10,5,0,0.0
4388,21,105452,7,3,regular,20,10,1,323.74
4389,35,62981,6,4,regular,20,10,0,0.0
4390,49,59995,4,4,regular,20,20,0,0.0
4391,27,58270,8,4,regular,20,10,0,0.0
4392,60,86858,5,5,loyal,10,5,0,0.0
4393,18,61954,3,8,regular,0,10,0,0.0
4394,21,60021,3,4,regular,5,10,0,0.0
4395,44,36827,5,3,new,20,5,0,0.0
4396,44,67849,3,2,regular,0,20,0,0.0
4397,33,43728,9,6,new,20,5,0,0.0
4398,31,72491,6,4,regular,5,20,0,0.0
4399,21,108866,4,4,regular,20,5,0,0.0
4400,52,97572,5,2,loyal,0,10,0,0.0
4401,37,67805,2,1,new,5,5,0,0.0
4402,24,117750,4,4,loyal,20,5,1,215.76
4403,38,118022,5,1,new,5,0,0,0.0
4404,66,64436,6,6,regular,20,20,1,128.39
4405,31,96350,4,6,regular,5,5,1,490.0
4406,64,54231,3,4,loyal,5,0,0,0.0
4407,31,107864,6,5,regular,10,5,0,0.0
4408,27,57359,3,5,new,5,10,1,125.73
4409,31,45828,2,8,new,20,10,0,0.0
4410,34,33388,6,6,regular,10,10,1,490.5
4411,24,104263,3,2,loyal,20,20,1,275.14
4412,48,49693,7,5,regular,10,20,1,368.19
4413,35,101331,3,6,regular,20,5,0,0.0
4414,55,28644,7,8,loyal,10,5,0,0.0
4415,43,70088,2,6,regular,5,0,1,446.25
4416,41,62789,2,4,new,20,20,0,0.0
4417,42,63881,1,3,new,5,10,1,325.01
4418,26,36735,3,4,regular,5,10,1,440.31
4419,55,27386,7,2,loyal,20,10,0,0.0
4420,23,54640,3,4,regular,5,10,1,496.27
4421,55,67023,5,5,new,0,20,1,446.33
4422,69,99357,7,2,regular,0,10,0,0.0
4423,57,66245,5,3,new,10,10,1,51.1
4424,41,44592,4,1,loyal,0,0,0,0.0
4425,34,46248,2,1,new,5,10,0,0.0
4426,63,81189,3,5,loyal,5,10,0,0.0
4427,31,63565,4,4,regular,5,20,1,239.91
4428,43,110118,1,6,regular,20,0,0,0.0
4429,58,63977,4,6,regular,20,0,0,0.0
4430,65,76692,6,3,loyal,0,20,1,120.06
4431,65,26390,0,4,regular,0,20,0,0.0
4432,22,39379,3,4,regular,10,0,0,0.0
4433,64,105016,1,4,new,20,5,1,273.32
4434,23,54476,7,5,new,5,20,1,346.35
4435,48,62101,9,5,regular,5,0,1,294.55
4436,66,79036,7,3,regular,20,5,0,0.0
4437,52,25785,6,3,regular,5,20,0,0.0
4438,67,70661,3,4,regular,10,5,0,0.0
4439,35,54617,7,5,new,20,20,1,376.0
4440,34,34861,8,3,new,0,10,0,0.0
4441,34,61833,4,6,regular,0,5,1,437.95
4442,36,64679,3,6,regular,0,5,1,69.79
4443,53,38632,7,3,new,10,10,0,0.0
4444,41,74306,9,0,regular,20,10,1,89.97
4445,56,94618,3,8,regular,0,5,1,473.42
4446,39,46733,3,2,new,10,10,0,0.0
4447,34,116653,3,1,regular,0,0,0,0.0
4448,27,81244,8,7,new,0,5,1,349.99
4449,46,97308,4,7,loyal,20,20,0,0.0
4450,64,27016,7,2,regular,5,20,0,0.0
4451,62,96746,4,1,new,5,20,0,0.0
4452,31,53660,2,2,regular,5,5,1,383.74
4453,42,91014,5,9,regular,5,10,1,146.49
4454,54,100427,2,1,regular,5,10,0,0.0
4455,49,45039,6,4,regular,0,0,1,124.46
4456,21,45928,7,3,loyal,0,10,0,0.0
4457,48,25951,8,3,loyal,10,0,1,105.06
4458,20,80517,4,10,new,10,10,0,0.0
4459,24,97403,7,2,regular,10,20,0,0.0
4460,51,61002,2,4,regular,0,0,1,380.5
4461,23,36098,4,2,new,10,5,0,0.0
4462,35,51646,9,3,loyal,10,20,0,0.0
4463,48,60284,6,5,loyal,5,0,0,0.0
4464,52,111613,3,7,regular,10,5,0,0.0
4465,41,32401,9,3,new,5,10,0,0.0
4466,22,54326,5,5,new,20,0,1,130.09
4467,59,83806,3,1,new,20,20,0,0.0
4468,67,43667,3,8,regular,10,0,0,0.0
4469,64,108473,8,6,new,0,10,0,0.0
4470,56,110930,7,3,regular,20,0,0,0.0
4471,38,58010,6,4,loyal,10,5,0,0.0
4472,63,94594,5,4,new,20,20,1,97.99
4473,43,95592,6,4,loyal,10,20,1,329.55
4474,25,88179,6,6,regular,10,10,0,0.0
4475,62,38648,7,5,regular,5,0,0,0.0
4476,34,24953,5,4,new,10,0,0,0.0
4477,66,54722,10,2,new,0,10,1,122.17
4478,37,33120,4,2,regular,5,20,0,0.0
4479,63,49232,5,4,regular,10,5,0,0.0
4480,45,83833,7,3,regular,20,10,1,139.57
4481,42,78880,2,6,new,10,0,0,0.0
4482,33,40943,6,3,regular,20,10,0,0.0
4483,61,21771,2,4,regular,5,0,0,0.0
4484,21,42563,5,7,regular,0,20,1,210.58
4485,42,65480,4,4,new,0,20,0,0.0
4486,37,97913,6,6,regular,5,20,0,0.0
4487,46,56514,4,7,loyal,0,0,0,0.0
4488,31,48592,5,4,loyal,10,10,0,0.0
4489,52,75134,7,5,loyal,0,5,1,143.59
4490,38,27158,3,6,new,5,10,0,0.0
4491,27,42544,4,2,regular,20,20,1,162.45
4492,28,23643,6,5,regular,20,0,0,0.0
4493,54,72561,3,3,regular,20,20,1,363.9
4494,31,64317,12,4,regular,20,10,0,0.0
4495,33,78255,4,1,regular,10,0,0,0.0
4496,50,81712,4,4,regular,0,5,0,0.0
4497,35,59512,4,3,regular,0,10,1,416.36
4498,38,106888,8,4,regular,10,0,1,475.97
4499,30,111825,4,4,regular,0,10,0,0.0
4500,35,31080,4,2,regular,20,5,1,150.92
4501,54,112012,7,5,new,5,5,0,0.0
4502,45,39667,4,5,new,10,5,0,0.0
4503,69,44840,3,7,regular,0,10,0,0.0
4504,58,72980,8,4,loyal,0,0,0,0.0
4505,18,22940,5,5,loyal,20,10,0,0.0
4506,37,56410,3,6,loyal,20,20,0,0.0
4507,33,39459,5,4,regular,10,20,0,0.0
4508,48,68253,3,5,regular,0,0,0,0.0
4509,31,101468,5,2,loyal,5,5,0,0.0
4510,68,112412,8,8,new,5,20,1,290.0
4511,33,41218,2,4,regular,5,10,0,0.0
4512,45,74489,4,1,regular,20,20,0,0.0
4513,24,67441,2,2,loyal,5,10,0,0.0
4514,65,61512,5,2,regular,20,0,0,0.0
4515,65,83269,3,5,loyal,10,10,1,51.88
4516,59,118943,3,1,new,10,5,1,226.39
4517,36,60524,4,2,regular,20,0,1,137.05
4518,21,26521,7,1,regular,0,10,0,0.0
4519,54,111596,6,6,new,10,10,0,0.0
4520,40,113211,1,8,loyal,5,0,0,0.0
4521,69,52236,13,3,regular,0,10,1,74.58
4522,54,70166,2,7,regular,0,10,0,0.0
4523,46,106258,4,4,new,0,5,1,167.51
4524,69,70375,3,4,regular,10,5,1,258.99
4525,59,68119,4,8,loyal,10,20,0,0.0
4526,41,112196,1,2,loyal,20,0,0,0.0
4527,18,102880,9,4,regular,20,10,1,323.71
4528,22,70732,4,5,regular,10,10,1,261.29
4529,41,36150,5,5,regular,5,0,0,0.0
4530,47,63840,2,4,new,10,5,0,0.0
4531,19,87645,3,3,loyal,10,10,0,0.0
4532,24,47248,8,7,new,5,5,0,0.0
4533,54,73728,4,2,regular,20,0,0,0.0
4534,57,85881,6,4,loyal,5,5,0,0.0
4535,19,28502,6,0,regular,5,10,0,0.0
4536,44,76964,8,3,regular,20,5,0,0.0
4537,22,93755,2,1,new,5,10,0,0.0
4538,55,41434,3,4,loyal,20,20,0,0.0
4539,61,74841,0,6,regular,5,10,0,0.0
4540,63,90941,3,4,regular,10,10,0,0.0
4541,49,24428,3,4,new,20,0,0,0.0
4542,50,84408,5,6,regular,20,20,0,0.0
4543,66,45974,7,5,regular,0,0,0,0.0
4544,49,59733,6,4,new,10,20,0,0.0
4545,41,84800,6,4,regular,0,20,1,231.01
4546,57,20440,9,1,loyal,10,20,0,0.0
4547,48,21679,2,7,regular,10,5,1,389.66
4548,61,64658,2,3,new,20,5,0,0.0
4549,45,114976,4,3,loyal,20,0,0,0.0
4550,63,20605,5,7,regular,0,10,0,0.0
4551,20,98878,5,7,regular,0,0,1,351.27
4552,19,27499,2,4,regular,20,20,0,0.0
4553,23,68893,4,4,new,10,10,0,0.0
4554,46,63060,9,1,regular,5,20,0,0.0
4555,54,66809,5,1,loyal,5,5,1,132.05
4556,29,28191,8,4,regular,0,20,1,275.16
4557,26,95353,2,2,loyal,20,0,0,0.0
4558,62,47566,7,5,regular,0,5,0,0.0
4559,57,97105,4,7,new,10,10,1,358.23
4560,51,85549,10,6,new,10,5,1,195.39
4561,43,75129,7,1,new,20,10,0,0.0
4562,39,50861,11,8,loyal,10,0,0,0.0
4563,19,85226,2,3,loyal,20,20,1,126.57
4564,27,119764,3,6,new,10,0,1,253.49
4565,64,112312,2,4,regular,10,0,0,0.0
4566,35,111630,7,2,loyal,10,5,0,0.0
4567,54,41970,8,1,regular,20,20,0,0.0
4568,54,78530,5,4,regular,10,5,1,157.87
4569,34,59780,3,5,new,20,20,1,389.34
4570,28,116694,4,4,new,10,0,0,0.0
4571,53,115008,7,0,regular,10,20,0,0.0
4572,22,106801,2,5,regular,0,0,0,0.0
4573,43,36273,6,2,loyal,10,10,0,0.0
4574,64,51889,3,5,regular,0,20,1,347.06
4575,54,91127,2,1,regular,10,0,0,0.0
4576,57,94959,9,1,regular,0,20,1,389.37
4577,22,55029,6,2,loyal,5,10,1,239.33
4578,28,33683,4,4,regular,10,5,0,0.0
4579,32,33691,5,9,regular,5,20,1,280.71
4580,33,88455,3,5,new,5,20,1,193.53
4581,28,65416,9,3,regular,0,5,0,0.0
4582,68,69108,0,5,new,20,20,0,0.0
4583,26,101536,5,6,regular,0,20,0,0.0
4584,54,21682,3,6,regular,5,0,1,139.95
4585,48,95453,5,4,regular,20,10,0,0.0
4586,49,47422,4,6,new,10,20,0,0.0
4587,29,113120,10,7,regular,5,0,1,119.77
4588,33,115538,2,8,regular,5,0,0,0.0
4589,49,70213,4,5,new,0,20,0,0.0
4590,33,51583,3,6,new,5,0,0,0.0
4591,54,43318,5,3,regular,10,5,0,0.0
4592,20,38145,5,3,regular,5,5,1,374.92
4593,21,119920,8,2,regular,5,20,0,0.0
4594,55,38753,6,5,regular,10,10,0,0.0
4595,50,64656,5,1,loyal,5,5,0,0.0
4596,20,67921,8,5,regular,5,5,0,0.0
4597,64,87918,5,6,loyal,20,5,0,0.0
4598,18,104264,5,3,loyal,0,0,0,0.0
4599,67,75799,6,1,regular,10,5,0,0.0
4600,55,95800,9,2,new,0,10,1,465.22
4601,69,76668,7,7,new,0,0,0,0.0
4602,67,63685,4,3,regular,10,20,0,0.0
4603,34,35774,6,3,regular,0,10,0,0.0
4604,57,40872,8,5,new,5,20,0,0.0
4605,28,63241,5,2,new,5,10,0,0.0
4606,42,24606,5,5,regular,20,5,0,0.0
4607,30,51636,3,7,new,0,10,0,0.0
4608,43,66263,8,4,loyal,0,20,0,0.0
4609,63,67263,6,1,new,0,0,0,0.0
4610,40,101477,3,5,new,5,5,0,0.0
4611,22,116765,2,9,loyal,0,20,0,0.0
4612,34,92968,5,3,loyal,10,20,0,0.0
4613,58,27953,9,6,loyal,0,20,1,465.01
4614,45,60860,9,7,loyal,10,0,1,497.96
4615,47,92991,3,0,regular,0,0,0,0.0
4616,40,79470,5,3,new,0,20,0,0.0
4617,33,65778,6,9,loyal,5,20,1,163.73
4618,49,63624,5,5,regular,0,5,1,341.91
4619,50,60595,6,10,new,10,5,1,109.71
4620,64,77901,8,0,regular,0,5,0,0.0
4621,50,37878,4,3,new,20,0,0,0.0
4622,69,71750,3,4,new,20,20,0,0.0
4623,60,40586,5,6,regular,5,20,0,0.0
4624,22,88096,4,5,new,20,10,1,401.73
4625,38,106474,3,6,new,20,0,1,220.09
4626,38,70770,9,5,regular,20,10,0,0.0
4627,18,58757,9,4,regular,5,5,0,0.0
4628,27,114061,8,4,loyal,0,10,0,0.0
4629,57,85969,8,4,new,10,0,1,134.09
4630,36,62802,9,2,regular,10,10,0,0.0
4631,25,22878,5,7,loyal,5,20,0,0.0
4632,32,21591,3,7,new,10,0,1,331.99
4633,32,42148,6,8,loyal,5,20,0,0.0
4634,27,43637,4,3,loyal,20,5,0,0.0
4635,23,92139,0,3,new,20,0,0,0.0
4636,57,70060,1,2,regular,0,10,0,0.0
4637,60,119995,3,2,new,20,10,1,314.53
4638,43,74057,6,3,loyal,0,0,0,0.0
4639,50,110312,5,3,loyal,10,5,1,466.56
4640,65,75238,2,4,regular,0,0,0,0.0
4641,61,55818,4,8,loyal,0,20,1,369.29
4642,19,91455,5,6,new,10,0,1,435.26
4643,67,64942,5,1,regular,5,0,0,0.0
4644,21,47464,4,3,new,20,10,0,0.0
4645,19,67322,7,5,new,10,20,0,0.0
4646,38,86490,6,1,regular,0,0,0,0.0
4647,56,57555,4,4,regular,5,20,0,0.0
4648,22,90403,3,5,new,10,0,0,0.0
4649,33,118071,5,3,regular,0,20,1,349.75
4650,31,61128,0,1,loyal,0,5,1,431.95
4651,38,49523,4,2,loyal,0,5,0,0.0
4652,69,60216,6,5,regular,0,20,0,0.0
4653,35,103826,4,4,regular,20,5,1,485.39
4654,28,37892,8,3,loyal,10,5,0,0.0
4655,24,117367,6,3,regular,5,5,0,0.0
4656,28,61398,5,8,regular,5,5,1,314.98
4657,24,104161,2,2,new,10,5,0,0.0
4658,47,98681,4,2,loyal,10,10,1,271.39
4659,39,98357,4,4,regular,5,10,0,0.0
4660,43,110897,2,3,regular,5,5,0,0.0
4661,61,38485,0,4,loyal,5,5,0,0.0
4662,48,79361,6,3,regular,0,20,1,177.18
4663,26,29900,5,4,loyal,0,20,0,0.0
4664,37,49937,5,1,regular,10,20,0,0.0
4665,34,24058,6,6,loyal,20,5,0,0.0
4666,60,88228,7,7,loyal,10,5,0,0.0
4667,33,80772,4,1,regular,20,10,0,0.0
4668,25,94014,5,4,loyal,20,0,0,0.0
4669,56,37622,3,4,regular,10,20,0,0.0
4670,40,53221,4,2,regular,10,0,1,160.22
4671,22,87634,4,3,regular,5,0,1,341.23
4672,53,102654,2,1,regular,0,20,0,0.0
4673,28,108567,6,2,regular,5,5,1,248.63
4674,63,27369,2,1,loyal,20,5,0,0.0
4675,61,60252,3,10,regular,10,20,1,68.26
4676,37,21075,3,3,regular,10,0,0,0.0
4677,46,101851,3,5,regular,10,0,0,0.0
4678,47,32297,8,3,regular,0,10,1,484.95
4679,51,102214,3,4,regular,0,0,0,0.0
4680,21,35600,3,7,loyal,20,10,1,397.61
4681,34,21536,7,5,loyal,20,0,0,0.0
4682,26,107892,10,3,regular,20,5,0,0.0
4683,54,63881,6,8,new,0,5,0,0.0
4684,21,62498,7,3,regular,20,0,0,0.0
4685,44,84673,7,5,regular,5,20,0,0.0
4686,55,47493,4,5,new,5,10,1,237.15
4687,67,89079,5,3,new,5,5,0,0.0
4688,32,62907,2,2,loyal,20,10,0,0.0
4689,18,47266,6,7,regular,10,5,0,0.0
4690,55,59484,6,7,loyal,10,5,0,0.0
4691,18,20614,5,4,regular,0,0,0,0.0
4692,21,50146,6,2,loyal,5,20,0,0.0
4693,69,79144,3,4,regular,0,20,1,83.4
4694,62,33789,6,3,regular,0,5,0,0.0
4695,54,31854,8,4,regular,10,10,0,0.0
4696,61,85591,7,5,regular,5,10,1,245.71
4697,21,62823,4,3,regular,20,0,1,203.95
4698,22,33660,11,2,new,0,10,0,0.0
4699,33,94783,3,9,regular,20,10,1,395.24
4700,19,97542,6,2,loyal,5,10,1,441.38
4701,64,23476,4,1,loyal,10,0,0,0.0
4702,20,40168,5,3,loyal,20,20,0,0.0
4703,46,57034,2,4,loyal,0,10,0,0.0
4704,62,93137,5,2,regular,5,0,0,0.0
4705,56,27403,7,5,loyal,5,10,1,317.91
4706,30,100558,2,4,regular,20,20,0,0.0
4707,42,51944,5,5,new,20,0,0,0.0
4708,46,32532,7,5,regular,0,0,0,0.0
4709,57,106337,4,6,new,20,20,1,341.63
4710,40,28674,4,2,new,5,0,0,0.0
4711,32,32957,6,3,regular,10,5,0,0.0
4712,59,114957,7,1,loyal,10,20,1,232.88
4713,64,71956,6,2,new,10,20,1,355.39
4714,43,66304,3,3,regular,20,5,0,0.0
4715,19,88735,6,7,regular,0,10,1,54.78
4716,44,83023,9,4,loyal,0,20,0,0.0
4717,64,81355,3,4,regular,10,5,1,408.09
4718,69,22326,3,4,regular,20,20,0,0.0
4719,38,75173,2,4,regular,0,20,0,0.0
4720,25,47871,4,7,regular,20,10,1,196.44
4721,47,100766,3,2,regular,0,10,0,0.0
4722,61,70539,7,3,regular,0,0,0,0.0
4723,67,32376,4,5,regular,20,20,0,0.0
4724,20,108621,5,3,regular,0,5,1,495.14
4725,33,48428,3,3,regular,20,10,1,313.15
4726,42,47143,3,6,new,0,20,1,239.3
4727,23,113627,3,2,new,0,5,1,459.19
4728,64,97519,6,4,new,0,0,0,0.0
4729,23,105951,6,3,loyal,20,0,0,0.0
4730,52,86221,7,2,loyal,0,10,0,0.0
4731,65,111048,3,1,new,10,10,0,0.0
4732,53,31527,5,3,regular,10,0,1,265.73
4733,57,79997,3,6,regular,10,10,0,0.0
4734,31,49337,4,6,regular,5,0,0,0.0
4735,61,59842,6,5,regular,20,10,0,0.0
4736,39,43786,6,2,regular,10,5,0,0.0
4737,21,40503,7,4,regular,10,20,0,0.0
4738,37,64252,5,7,new,10,5,0,0.0
4739,36,111828,8,4,new,5,20,0,0.0
4740,45,83533,4,4,regular,5,20,1,269.11
4741,31,54935,3,2,new,20,20,0,0.0
4742,42,63341,5,9,loyal,20,5,0,0.0
4743,40,72983,5,4,regular,0,10,0,0.0
4744,34,44453,11,3,new,10,10,1,280.25
4745,54,72120,7,6,regular,10,10,1,244.46
4746,33,89587,5,6,regular,5,10,0,0.0
4747,57,44316,4,7,regular,0,5,0,0.0
4748,31,78447,3,1,regular,0,20,0,0.0
4749,62,90836,3,4,regular,0,20,0,0.0
4750,36,71931,4,5,regular,10,5,1,160.84
4751,20,49196,5,2,loyal,5,0,0,0.0
4752,25,75441,5,2,new,10,20,0,0.0
4753,59,99323,3,2,regular,20,0,0,0.0
4754,63,42190,6,3,loyal,10,0,0,0.0
4755,29,77467,7,2,regular,5,20,0,0.0
4756,49,88043,5,9,loyal,20,20,1,481.07
4757,47,52149,4,7,regular,20,0,0,0.0
4758,24,58750,4,1,regular,20,20,0,0.0
4759,41,108885,6,4,regular,10,20,1,375.31
4760,54,56346,7,4,loyal,10,20,1,291.61
4761,68,79823,1,9,loyal,5,0,0,0.0
4762,62,34973,4,3,new,5,5,0,0.0
4763,23,112597,9,5,loyal,20,10,0,0.0
4764,30,79683,4,5,new,20,0,0,0.0
4765,40,96036,7,2,new,20,20,0,0.0
4766,25,80266,6,4,regular,5,20,1,358.1
4767,47,55548,4,2,regular,20,20,0,0.0
4768,18,54030,8,2,regular,0,10,0,0.0
4769,23,90120,7,5,loyal,20,20,1,155.8
4770,20,105985,6,3,regular,20,5,1,405.25
4771,33,32764,9,2,new,10,5,0,0.0
4772,57,104545,2,2,regular,0,5,0,0.0
4773,27,103000,4,4,regular,20,5,0,0.0
4774,69,30905,5,9,new,0,0,1,360.38
4775,32,30816,4,5,loyal,0,5,1,394.73
4776,20,89503,5,6,new,0,10,1,293.23
4777,35,104280,3,4,regular,5,20,0,0.0
4778,56,59383,4,3,loyal,0,10,0,0.0
4779,23,84063,12,7,loyal,10,20,1,181.75
4780,21,119971,5,2,regular,5,20,0,0.0
4781,62,52279,2,2,new,20,0,0,0.0
4782,48,42502,1,3,new,10,10,0,0.0
4783,35,119161,0,7,regular,10,10,1,474.38
4784,57,48052,3,4,loyal,0,20,1,411.56
4785,61,67259,5,3,new,10,20,0,0.0
4786,36,64210,4,6,loyal,20,0,0,0.0
4787,47,72322,4,4,loyal,10,0,1,488.51
4788,18,46871,3,6,loyal,5,10,1,356.01
4789,33,87902,4,9,new,10,5,0,0.0
4790,48,89199,4,8,new,5,20,1,469.02
4791,28,40055,4,4,regular,0,10,0,0.0
4792,69,68090,6,7,regular,10,10,1,204.57
4793,68,25736,4,6,loyal,5,20,0,0.0
4794,31,42087,1,5,loyal,0,10,0,0.0
4795,38,118721,6,6,regular,20,10,0,0.0
4796,27,70637,2,7,loyal,5,0,0,0.0
4797,44,82272,2,3,loyal,20,20,0,0.0
4798,24,108878,6,4,regular,10,5,0,0.0
4799,38,91374,8,7,regular,10,5,0,0.0
4800,46,99239,7,5,loyal,5,10,1,263.36
4801,49,91205,4,1,loyal,20,0,0,0.0
4802,49,69882,6,10,loyal,0,5,0,0.0
4803,29,83257,7,3,regular,0,10,0,0.0
4804,59,48849,5,5,regular,5,20,1,255.16
4805,53,109041,5,8,loyal,0,0,0,0.0
4806,57,37988,5,3,new,0,20,0,0.0
4807,42,108410,5,3,loyal,0,20,0,0.0
4808,64,107838,7,3,new,20,10,0,0.0
4809,38,34227,7,4,regular,0,20,1,297.01
4810,59,91016,6,4,regular,0,10,0,0.0
4811,28,118966,7,5,new,20,5,1,211.21
4812,30,77216,3,4,regular,0,10,1,72.97
4813,45,54034,3,3,new,5,10,0,0.0
4814,46,107943,2,5,new,10,10,0,0.0
4815,56,71255,4,3,new,0,0,0,0.0
4816,33,32169,5,4,new,0,10,1,110.72
4817,63,44927,5,5,regular,20,20,0,0.0
4818,35,88248,4,3,regular,20,5,0,0.0
4819,45,65536,3,6,new,10,10,0,0.0
4820,66,41671,5,4,new,0,0,1,341.57
4821,46,99903,2,3,regular,20,5,0,0.0
4822,53,32057,4,7,new,5,20,1,343.11
4823,65,41906,6,8,regular,5,20,1,340.44
4824,68,66560,3,4,regular,20,0,1,261.08
4825,43,23952,8,6,loyal,10,10,0,0.0
4826,39,58739,4,1,new,0,0,0,0.0
4827,28,110995,3,2,new,10,10,0,0.0
4828,45,114117,5,3,new,20,20,0,0.0
4829,65,107195,5,3,loyal,10,10,0,0.0
4830,43,52397,3,2,regular,20,5,1,169.32
4831,36,26487,3,2,regular,10,5,0,0.0
4832,23,101490,2,5,regular,5,20,1,393.17
4833,38,57331,2,7,regular,0,20,0,0.0
4834,30,94882,5,3,loyal,5,5,1,161.68
4835,68,31916,1,2,new,5,10,0,0.0
4836,45,86792,1,5,regular,0,5,0,0.0
4837,25,78638,3,1,loyal,10,0,0,0.0
4838,21,112040,6,5,new,5,10,0,0.0
4839,62,30192,6,3,new,10,10,0,0.0
4840,66,60792,3,4,new,5,10,0,0.0
4841,57,118994,8,4,loyal,0,20,0,0.0
4842,24,58967,8,4,loyal,5,20,1,320.2
4843,23,85804,7,3,regular,0,5,1,362.46
4844,28,36094,3,5,loyal,20,10,0,0.0
4845,57,92840,0,3,new,10,5,0,0.0
4846,57,47576,4,3,regular,20,10,1,476.15
4847,61,77222,9,2,regular,10,5,1,321.5
4848,23,107977,8,7,new,5,20,1,265.29
4849,25,86105,3,8,regular,20,0,1,499.35
4850,64,67438,5,3,regular,0,10,1,169.19
4851,66,39005,4,6,regular,10,5,0,0.0
4852,55,54135,5,4,loyal,0,5,1,151.39
4853,23,104927,7,6,new,10,5,0,0.0
4854,21,41611,3,4,new,20,0,0,0.0
4855,20,85630,7,1,loyal,10,0,0,0.0
4856,53,68496,7,4,regular,0,5,0,0.0
4857,61,52087,4,6,regular,0,0,1,205.85
4858,50,91666,2,5,regular,10,10,0,0.0
4859,31,56213,2,3,loyal,5,10,0,0.0
4860,57,48669,7,4,new,0,20,0,0.0
4861,21,72925,9,8,new,10,20,1,256.69
4862,61,95771,7,10,regular,20,10,1,240.55
4863,64,106414,8,2,new,10,10,1,262.08
4864,55,82978,3,4,loyal,5,10,0,0.0
4865,63,86198,3,2,new,20,0,0,0.0
4866,48,98756,6,5,regular,5,0,0,0.0
4867,42,46924,4,5,regular,20,10,0,0.0
4868,34,45090,3,3,new,0,10,0,0.0
4869,65,68398,4,5,new,0,0,0,0.0
4870,54,83102,11,0,new,20,10,0,0.0
4871,27,84599,5,4,regular,0,5,1,453.23
4872,67,35373,3,3,new,5,10,0,0.0
4873,21,98061,5,5,loyal,10,10,0,0.0
4874,48,56379,7,3,regular,0,5,0,0.0
4875,27,107729,10,2,new,0,20,0,0.0
4876,52,92436,7,5,new,0,5,1,389.34
4877,39,118294,2,3,new,10,5,0,0.0
4878,40,83166,3,3,loyal,10,10,0,0.0
4879,52,72749,3,8,loyal,10,20,0,0.0
4880,57,38786,4,3,regular,0,5,0,0.0
4881,37,59866,6,2,regular,20,0,1,214.89
4882,69,105834,3,4,regular,5,10,1,174.49
4883,43,58202,9,5,regular,5,5,1,88.52
4884,26,25335,7,5,loyal,0,5,0,0.0
4885,18,44513,3,1,regular,5,10,1,301.39
4886,28,79521,7,5,loyal,5,0,0,0.0
4887,53,82910,5,3,new,20,20,0,0.0
4888,46,118382,7,4,new,20,0,0,0.0
4889,35,113385,5,1,loyal,10,10,1,264.49
4890,43,73150,2,3,regular,0,5,0,0.0
4891,61,75451,2,6,new,5,5,0,0.0
4892,47,100067,10,2,new,0,0,0,0.0
4893,21,24864,1,3,new,10,5,0,0.0
4894,20,79518,4,2,new,20,5,0,0.0
4895,43,67400,8,5,loyal,20,0,1,205.97
4896,39,98308,4,7,regular,10,10,0,0.0
4897,62,100035,5,5,regular,0,10,1,81.55
4898,48,85559,1,1,loyal,20,10,0,0.0
4899,57,85728,4,3,new,10,0,0,0.0
4900,48,89113,5,6,new,0,10,0,0.0
4901,35,78013,7,3,regular,0,20,0,0.0
4902,52,42781,2,3,regular,20,10,1,58.24
4903,50,48452,9,4,new,0,5,0,0.0
4904,55,94182,4,3,regular,20,0,1,317.77
4905,27,81836,4,8,regular,0,5,0,0.0
4906,51,43790,11,3,new,0,5,0,0.0
4907,32,107785,2,4,regular,0,20,0,0.0
4908,59,118064,2,3,regular,5,5,0,0.0
4909,59,82608,5,6,loyal,20,10,1,101.61
4910,50,42778,6,2,loyal,5,5,0,0.0
4911,67,113828,2,2,new,5,0,0,0.0
4912,45,43668,5,5,new,20,5,0,0.0
4913,19,63246,6,2,regular,10,10,0,0.0
4914,49,105867,6,5,regular,10,20,1,340.57
4915,58,72067,3,3,loyal,10,20,0,0.0
4916,23,44298,4,4,loyal,10,0,0,0.0
4917,23,28010,3,8,regular,0,10,0,0.0
4918,32,56090,3,8,loyal,20,5,0,0.0
4919,61,87208,4,3,regular,10,0,0,0.0
4920,45,91464,2,4,regular,5,20,0,0.0
4921,68,42294,7,7,regular,10,0,1,108.64
4922,63,35874,6,2,regular,0,10,0,0.0
4923,46,90145,2,1,new,20,20,0,0.0
4924,53,35907,8,6,new,5,20,1,347.63
4925,35,26425,5,4,new,0,5,1,101.55
4926,22,68635,3,2,regular,20,0,0,0.0
4927,38,77091,5,2,regular,5,5,0,0.0
4928,48,44369,5,7,regular,10,20,0,0.0
4929,27,41122,5,2,loyal,20,10,0,0.0
4930,29,43565,3,4,regular,0,20,0,0.0
4931,18,54282,3,7,regular,5,10,1,162.71
4932,56,20923,4,7,regular,20,20,1,82.44
4933,64,21175,5,7,new,10,10,0,0.0
4934,61,57044,5,4,regular,10,0,1,227.58
4935,37,21990,5,5,regular,20,0,0,0.0
4936,48,51825,0,2,loyal,5,10,0,0.0
4937,67,78091,7,5,regular,5,20,1,143.19
4938,48,23115,6,4,new,5,5,0,0.0
4939,33,81782,3,5,regular,20,0,0,0.0
4940,35,82123,2,3,loyal,10,10,0,0.0
4941,55,77333,4,3,loyal,10,10,0,0.0
4942,41,82665,8,6,loyal,20,0,1,314.53
4943,61,100923,9,3,loyal,0,10,0,0.0
4944,62,27080,4,3,new,5,5,0,0.0
4945,19,36882,4,5,regular,10,0,1,425.71
4946,55,51704,9,1,regular,10,0,0,0.0
4947,37,88811,6,4,loyal,0,10,1,349.78
4948,45,107280,9,3,loyal,0,5,0,0.0
4949,31,111866,8,5,regular,5,0,0,0.0
4950,37,78216,5,4,regular,5,20,1,159.09
4951,35,61011,4,2,regular,5,5,1,150.12
4952,20,61197,2,1,loyal,20,5,0,0.0
4953,58,25982,4,2,regular,0,10,0,0.0
4954,25,66510,2,2,new,20,20,0,0.0
4955,37,71284,7,1,regular,20,20,0,0.0
4956,28,40827,2,2,regular,20,0,0,0.0
4957,26,96795,4,2,loyal,20,5,0,0.0
4958,37,101188,3,3,regular,0,10,0,0.0
4959,65,50201,9,1,regular,10,10,1,240.04
4960,67,111400,5,3,new,5,0,0,0.0
4961,37,30709,2,2,regular,20,5,0,0.0
4962,44,111066,2,4,new,10,0,0,0.0
4963,69,96808,2,6,regular,0,0,0,0.0
4964,30,42393,7,2,loyal,0,20,0,0.0
4965,67,85016,7,2,loyal,10,20,1,202.27
4966,23,51074,4,10,regular,10,0,0,0.0
4967,29,99973,6,5,regular,5,20,0,0.0
4968,35,36062,4,6,loyal,5,5,1,266.59
4969,19,44491,4,3,loyal,20,20,1,340.87
4970,60,50720,5,3,regular,0,20,0,0.0
4971,62,39967,4,3,regular,0,5,1,86.06
4972,37,53280,4,3,regular,0,0,1,180.33
4973,61,80258,4,4,regular,10,0,0,0.0
4974,58,83310,5,5,regular,5,20,1,438.64
4975,59,75393,3,6,loyal,20,20,0,0.0
4976,59,38964,6,3,regular,0,0,1,141.4
4977,47,40244,6,6,regular,5,20,0,0.0
4978,23,111939,5,4,new,5,5,0,0.0
4979,66,45133,3,8,regular,20,0,0,0.0
4980,49,30309,8,7,regular,20,10,0,0.0
4981,64,65398,6,1,new,0,10,0,0.0
4982,67,20687,5,4,loyal,5,0,0,0.0
4983,27,54265,7,5,loyal,10,10,0,0.0
4984,38,105494,4,2,loyal,10,10,0,0.0
4985,28,46739,6,3,regular,0,5,0,0.0
4986,20,90376,6,3,regular,5,20,1,361.72
4987,68,68981,2,1,regular,10,5,0,0.0
4988,66,55535,5,1,regular,0,5,0,0.0
4989,66,86157,7,2,new,10,10,1,188.19
4990,63,79549,5,6,regular,20,10,0,0.0
4991,51,51823,7,5,new,20,20,0,0.0
4992,45,42354,5,4,new,10,5,1,123.22
4993,69,111682,5,2,regular,5,0,0,0.0
4994,46,36838,1,6,new,5,10,1,109.89
4995,51,115949,4,3,loyal,20,20,0,0.0
4996,29,67114,4,2,new,0,10,1,324.65
4997,56,119674,10,4,regular,10,10,0,0.0
4998,60,55318,5,3,new,10,10,1,65.17
4999,53,76550,5,6,regular,0,5,1,450.19
5000,43,81523,8,7,new,5,0,0,0.0
